frag.id,days,time.point,light.level,genotype,big.tank,tank,depth.m,Dry.Weigh.g,propD,dom,mix,mortality,color,conf
1,60,T2,Low Shade,852,13,2,2.7,2.5823487296998184,NA,D,NA,1,orange,1
1,0,T0,Low Shade,852,13,2,2.7,2.493319147588407,0.9026561155403158,D,DC,1,orange,1
1,31,T1,Low Shade,852,13,2,2.7,2.525769725467942,NA,D,NA,2,orange,1
2,31,T1,Natural,852,16,9,2.7,2.6976454818976774,NA,D,NA,5,orange,1
2,0,T0,Natural,852,16,9,2.7,2.691492834186373,0.8646334399441393,D,DC,1,orange,1
3,60,T2,High Shade,852,14,7,2.7,2.4246044960795983,NA,D,NA,5,orange,1
3,31,T1,High Shade,852,14,7,2.7,2.4226154524575407,NA,D,NA,NA,orange,1
3,0,T0,High Shade,852,14,7,2.7,2.418503431409147,NA,D,NA,1,orange,1
4,60,T2,Medium Shade,852,17,15,2.7,2.1151427157920084,NA,D,NA,4,orange,1
4,31,T1,Medium Shade,852,17,15,2.7,2.1233604810314195,NA,D,NA,1,orange,1
4,0,T0,Medium Shade,852,17,15,2.7,2.117204949855593,0.9052805544104694,D,DC,1,orange,1
6,31,T1,Natural,862,13,1,2.9,3.7168524079962473,NA,D,NA,5,orange,1
6,60,T2,Natural,862,13,1,2.9,3.654111546766757,0.9709010485310224,D,DC,2,orange,1
6,1,T0,Natural,862,13,1,2.9,3.660169499587516,0.9844619389914544,D,DC,1,orange,1
7,60,T2,Low Shade,862,17,14,2.9,2.7481114151168993,NA,D,NA,NA,orange,1
7,0,T0,Low Shade,862,17,14,2.9,5.708766185073931,0.9902928033999095,D,DC,1,orange,1
7,31,T1,Low Shade,862,17,14,2.9,5.729001214924194,NA,D,NA,2,orange,1
8,60,T2,High Shade,862,16,12,2.9,8.832924963620291,NA,D,NA,5,orange,1
8,31,T1,High Shade,862,16,12,2.9,8.79893270418476,NA,D,NA,4,orange,1
8,0,T0,High Shade,862,16,12,2.9,8.806752743953913,NA,D,NA,1,orange,1
9,31,T1,Medium Shade,862,14,8,2.9,2.564246054907295,NA,D,NA,NA,orange,1
9,0,T0,Medium Shade,862,14,8,2.9,2.5500340720919543,0.9794722136266932,D,DC,1,orange,1
9,60,T2,Medium Shade,862,14,8,2.9,2.5843516914714355,0.9517237568474596,D,DC,3,orange,1
10,31,T1,Medium Shade,886,16,11,2.3,6.934391481945144,NA,D,NA,1,orange,1
10,60,T2,Medium Shade,886,16,11,2.3,6.944199540829432,NA,D,NA,1,orange,1
10,1,T0,Medium Shade,886,16,11,2.3,6.928031870032985,0.9846032698180484,D,DC,1,orange,1
11,0,T0,Natural,886,17,13,2.3,4.863468918511405,0.9866495922552933,D,DC,1,orange,1
11,31,T1,Natural,886,17,13,2.3,4.897832362245747,NA,D,NA,1,orange,1
11,60,T2,Natural,886,17,13,2.3,4.974603279159823,0.9768363966605628,D,DC,2,orange,1
12,0,T0,High Shade,886,13,3,2.3,2.3113998869570427,1,D,D,1,orange,1
12,60,T2,High Shade,886,13,3,2.3,3.664215739452138,NA,D,NA,NA,orange,1
12,31,T1,High Shade,886,13,3,2.3,2.3134519673811087,NA,D,NA,6,orange,1
13,31,T1,Low Shade,886,14,6,2.3,4.125423022038261,NA,D,NA,1,orange,1
13,60,T2,Low Shade,886,14,6,2.3,4.151533015991134,0.9768316696183004,D,DC,1,orange,1
13,0,T0,Low Shade,886,14,6,2.3,4.129369520538025,0.9738640802643722,D,DC,1,orange,1
14,60,T2,Natural,867,14,5,2.7,6.084721846407506,0,C,C,1,orange,0.6
14,1,T0,Natural,867,14,5,2.7,5.421503079871732,0,C,C,1,orange,0.6
14,31,T1,Natural,867,14,5,2.7,5.638054243073689,NA,C,NA,1,orange,0.6
15,0,T0,Low Shade,867,17,14,2.7,5.302069175759085,0,C,C,1,orange,0.6
15,60,T2,Low Shade,867,17,14,2.7,5.4799574724045135,NA,C,NA,1,orange,0.6
15,31,T1,Low Shade,867,17,14,2.7,5.379137143904912,NA,C,NA,1,orange,0.6
16,60,T2,Medium Shade,867,16,11,2.7,4.313307733329589,0,C,C,1,orange,0.6
16,31,T1,Medium Shade,867,16,11,2.7,4.307444189974391,NA,C,NA,1,orange,0.6
16,0,T0,Medium Shade,867,16,11,2.7,4.291204014137972,0,C,C,1,orange,0.6
17,60,T2,High Shade,867,13,3,2.7,8.828806559886058,0,C,C,1,orange,0.6
17,31,T1,High Shade,867,13,3,2.7,8.825091033726485,NA,C,NA,1,orange,0.6
17,0,T0,High Shade,867,13,3,2.7,8.774504407573295,0,C,C,1,orange,0.6
20,60,T2,Natural,864,13,1,3.4,2.8432059554496583,0,D,C,1,orange,0.8
20,0,T0,Natural,864,13,1,3.4,2.7360411622286755,0.8040952357357234,D,DC,1,orange,0.8
20,31,T1,Natural,864,13,1,3.4,2.7684264870221855,NA,D,NA,1,orange,0.8
21,0,T0,Medium Shade,864,17,15,3.4,4.780531487742923,0.9451867990687868,D,DC,1,orange,0.8
21,60,T2,Medium Shade,864,17,15,3.4,4.784354823469619,NA,D,NA,5,orange,0.8
21,31,T1,Medium Shade,864,17,15,3.4,4.762379430247223,NA,D,NA,5,orange,0.8
24,31,T1,Medium Shade,880,17,15,2.4,5.377160226392045,NA,D,NA,1,orange,1
24,60,T2,Medium Shade,880,17,15,2.4,5.3849232016233,0.46750939112201506,D,CD,1,orange,1
24,0,T0,Medium Shade,880,17,15,2.4,5.3425844691207915,0.9019620219695704,D,DC,1,orange,1
26,60,T2,Natural,854,14,5,2.6,2.31740642945893,NA,D,NA,1,orange,0.8
26,0,T0,Natural,854,14,5,2.6,2.2182902320818356,0.9889246537521296,D,DC,1,orange,0.8
26,31,T1,Natural,854,14,5,2.6,2.236617465561127,NA,D,NA,NA,orange,0.8
27,0,T0,Medium Shade,854,13,4,2.6,3.64393286665556,0.974627677088881,D,DC,1,orange,0.8
27,31,T1,Medium Shade,854,13,4,2.6,3.654195413008255,NA,D,NA,1,orange,0.8
27,60,T2,Medium Shade,854,13,4,2.6,3.652044916372409,0.974908133109577,D,DC,1,orange,0.8
28,1,T0,Low Shade,854,16,10,2.6,1.8159209985698985,0.9787172102740463,D,DC,1,orange,0.8
28,60,T2,Low Shade,854,16,10,2.6,1.846247705106177,0.979741015023041,D,DC,1,orange,0.8
28,31,T1,Low Shade,854,16,10,2.6,1.8261112461783775,NA,D,NA,1,orange,0.8
29,60,T2,High Shade,854,17,16,2.6,4.254595850253958,NA,D,NA,3,orange,0.8
29,31,T1,High Shade,854,17,16,2.6,4.24673312871822,NA,D,NA,1,orange,0.8
29,0,T0,High Shade,854,17,16,2.6,4.290992415520458,0.9778043433634904,D,DC,1,orange,0.8
31,60,T2,Natural,876,16,9,2,5.933065794176739,0.992869629384916,D,DC,1,orange,1
31,0,T0,Natural,876,16,9,2,5.587387885299587,0.9757631903416518,D,DC,1,orange,1
31,31,T1,Natural,876,16,9,2,5.714917366862723,NA,D,NA,1,orange,1
32,60,T2,Low Shade,876,14,6,2,2.4185264505879456,NA,D,NA,2,orange,1
32,31,T1,Low Shade,876,14,6,2,2.4550293784620436,NA,D,NA,2,orange,1
32,1,T0,Low Shade,876,14,6,2,2.3902291849344803,0.9846662755103324,D,DC,1,orange,1
33,0,T0,Medium Shade,876,13,4,2,3.5812196594572874,0.9801435492024309,D,DC,1,orange,1
33,31,T1,Medium Shade,876,13,4,2,3.5915016031481435,NA,D,NA,1,orange,1
33,60,T2,Medium Shade,876,13,4,2,3.5954229387381025,0.9780149284476864,D,DC,1,orange,1
34,0,T0,High Shade,876,17,16,2,2.4124582851691074,0.976802149593022,D,DC,1,orange,1
34,31,T1,High Shade,876,17,16,2,2.426705754987155,NA,D,NA,1,orange,1
34,60,T2,High Shade,876,17,16,2,2.41242200936573,NA,D,NA,1,orange,1
35,60,T2,Natural,896,13,1,2.5,9.44366199434786,0.970552567912505,D,DC,1,orange,1
35,31,T1,Natural,896,13,1,2.5,8.444816466557407,NA,D,NA,1,orange,1
35,0,T0,Natural,896,13,1,2.5,7.639874953802903,0.975212922872978,D,DC,1,orange,1
36,60,T2,Low Shade,896,16,10,2.5,3.9695330053378863,0.9766049022578648,D,DC,1,orange,1
36,31,T1,Low Shade,896,16,10,2.5,3.816025940073401,NA,D,NA,1,orange,1
36,0,T0,Low Shade,896,16,10,2.5,3.5267096829095137,0.979227167838283,D,DC,1,orange,1
37,31,T1,Medium Shade,896,17,15,2.5,2.6086943039968973,NA,D,NA,1,orange,1
37,0,T0,Medium Shade,896,17,15,2.5,2.5580573157963764,0.985932075103172,D,DC,1,orange,1
37,60,T2,Medium Shade,896,17,15,2.5,2.6227059455042454,0.9864044923082852,D,DC,1,orange,1
38,0,T0,High Shade,896,14,7,2.5,4.169691330057166,0.9888831199758956,D,DC,1,orange,1
38,31,T1,High Shade,896,14,7,2.5,4.242615475541564,NA,D,NA,NA,orange,1
38,60,T2,High Shade,896,14,7,2.5,4.252658142817257,NA,D,NA,1,orange,1
40,0,T0,High Shade,871,16,12,2.3,3.3770289455001694,0.1607530651637611,C,CD,1,orange,0.6
40,60,T2,High Shade,871,16,12,2.3,3.4073883034980175,NA,C,NA,1,orange,0.6
40,31,T1,High Shade,871,16,12,2.3,3.399453107634895,NA,C,NA,1,orange,0.6
41,0,T0,Natural,871,17,13,2.3,1.033333426454173,0.08396683964360274,C,CD,1,orange,0.6
41,31,T1,Natural,871,17,13,2.3,1.085933149463479,NA,C,NA,1,orange,0.6
41,60,T2,Natural,871,17,13,2.3,1.1647849616363621,0.28145380377035545,C,CD,1,orange,0.6
43,0,T0,Natural,893,17,13,2.7,2.1556827612066294,0.14389474150345205,C,CD,1,orange,1
43,60,T2,Natural,893,17,13,2.7,2.232504993815157,0.1811087717417764,C,CD,1,orange,1
43,31,T1,Natural,893,17,13,2.7,2.1840065201175376,NA,C,NA,1,orange,1
44,60,T2,Low Shade,893,14,6,2.7,1.5287674452227036,0.3791727632176124,C,CD,1,orange,1
44,0,T0,Low Shade,893,14,6,2.7,1.5045200335139657,0.4676226113586809,C,CD,1,orange,1
44,31,T1,Low Shade,893,14,6,2.7,1.5167013563565295,NA,C,NA,1,orange,1
45,31,T1,Medium Shade,893,13,4,2.7,2.1799725097230955,NA,C,NA,1,orange,1
45,60,T2,Medium Shade,893,13,4,2.7,2.1799020967152276,NA,C,NA,1,orange,1
45,0,T0,Medium Shade,893,13,4,2.7,2.1758489432328747,0.16642265521563515,C,CD,1,orange,1
46,60,T2,High Shade,893,16,12,2.7,1.722905195377514,0.01948931514852103,C,CD,1,orange,1
46,31,T1,High Shade,893,16,12,2.7,1.7209607450058828,NA,C,NA,1,orange,1
46,0,T0,High Shade,893,16,12,2.7,1.7147775967231516,0.18555187767950387,C,CD,1,orange,1
47,31,T1,Natural,867B,14,5,unknown,3.8908356486941553,NA,D,NA,1,NA,NA
47,0,T0,Natural,867B,14,5,unknown,3.8260391895047103,NA,D,NA,1,NA,NA
47,60,T2,Natural,867B,14,5,unknown,4.32144038238018,0,D,C,1,NA,NA
48,0,T0,Low Shade,867B,17,14,unknown,4.311198905432778,0.9699231146158828,D,DC,1,NA,NA
48,31,T1,Low Shade,867B,17,14,unknown,4.349908389793028,NA,D,NA,2,NA,NA
48,60,T2,Low Shade,867B,17,14,unknown,4.351730496702279,NA,D,NA,3,NA,NA
49,31,T1,Medium Shade,867B,16,11,unknown,3.3711283641322805,NA,D,NA,2,NA,NA
49,60,T2,Medium Shade,867B,16,11,unknown,3.385126446341209,0.03907882081789815,D,CD,2,NA,NA
49,0,T0,Medium Shade,867B,16,11,unknown,3.360927584014767,NA,D,NA,1,NA,NA
50,31,T1,High Shade,867B,13,3,unknown,3.8240835427148303,NA,D,NA,5,NA,NA
50,0,T0,High Shade,867B,13,3,unknown,3.8522941758023177,0.8800975727310837,D,DC,1,NA,NA
50,60,T2,High Shade,867B,13,3,unknown,3.8724612424009415,NA,D,NA,5,NA,NA
51,0,T0,Medium Shade,912,14,8,unknown,5.308316837754611,1,D,D,1,orange,1
51,60,T2,Medium Shade,912,14,8,unknown,5.314290162409465,0,D,C,1,orange,1
51,31,T1,Medium Shade,912,14,8,unknown,5.306445251431484,NA,D,NA,1,orange,1
52,31,T1,High Shade,912,17,16,unknown,5.452002867088162,NA,D,NA,NA,orange,1
52,0,T0,High Shade,912,17,16,unknown,5.492360445422346,NA,D,NA,1,orange,1
52,60,T2,High Shade,912,17,16,unknown,5.4254115063074915,NA,D,NA,6,orange,1
53,60,T2,Natural,912,16,9,unknown,3.591385083477201,0.9798482074090108,D,DC,1,orange,1
53,0,T0,Natural,912,16,9,unknown,3.2133149779145653,NA,D,NA,1,orange,1
53,31,T1,Natural,912,16,9,unknown,3.3225695087415787,NA,D,NA,1,orange,1
54,0,T0,Medium Shade,916,16,11,unknown,2.9807799579162673,NA,D,NA,1,orange,1
54,31,T1,Medium Shade,916,16,11,unknown,2.990954007933842,NA,D,NA,1,orange,1
54,60,T2,Medium Shade,916,16,11,unknown,2.990817245138609,0.9804624122951427,D,DC,1,orange,1
55,31,T1,Low Shade,916,17,14,unknown,2.2669200623156995,NA,D,NA,1,orange,1
55,0,T0,Low Shade,916,17,14,unknown,2.2608614833255944,NA,D,NA,1,orange,1
55,60,T2,Low Shade,916,17,14,unknown,2.2930889389866707,0.9775576598151774,D,DC,1,orange,1
56,31,T1,Natural,916,14,5,unknown,8.224543319036753,NA,D,NA,1,orange,1
56,0,T0,Natural,916,14,5,unknown,7.965619449694567,NA,D,NA,1,orange,1
56,60,T2,Natural,916,14,5,unknown,8.323265960440612,NA,D,NA,1,orange,1
57,31,T1,Low Shade,909,17,14,unknown,1.6582334417261921,NA,D,NA,2,orange,1
57,0,T0,Low Shade,909,17,14,unknown,1.658220383998637,NA,D,NA,1,orange,1
57,60,T2,Low Shade,909,17,14,unknown,1.6682520523661886,NA,D,NA,1,orange,1
58,0,T0,Medium Shade,909,16,11,unknown,2.1799445286090746,NA,D,NA,1,orange,1
58,60,T2,Medium Shade,909,16,11,unknown,2.185975566999864,NA,D,NA,1,orange,1
58,31,T1,Medium Shade,909,16,11,unknown,2.1779892813530948,NA,D,NA,1,orange,1
59,31,T1,High Shade,909,13,3,unknown,3.3994081021326488,NA,D,NA,2,orange,1
59,60,T2,High Shade,909,13,3,unknown,5.376955861023571,NA,D,NA,NA,orange,1
59,0,T0,High Shade,909,13,3,unknown,3.399334184870813,NA,D,NA,1,orange,1
64,0,T0,Low Shade,912,13,2,unknown,2.9868204936708747,0.9858599567309656,D,DC,1,orange,1
64,60,T2,Low Shade,912,13,2,unknown,3.0899239984512974,NA,D,NA,2,orange,1
64,31,T1,Low Shade,912,13,2,unknown,3.021220368640821,NA,D,NA,2,orange,1
68,31,T1,High Shade,911,16,12,unknown,3.191161851175604,NA,D,NA,1,orange,1
68,0,T0,High Shade,911,16,12,unknown,3.1910559050726444,0.972215161509815,D,DC,1,orange,1
68,60,T2,High Shade,911,16,12,unknown,3.201125806456771,0.96124068745778,D,DC,2,orange,1
69,60,T2,Low Shade,910,13,2,unknown,4.774417215951437,0.9767786061238206,D,DC,1,orange,1
69,0,T0,Low Shade,910,13,2,unknown,4.570228932547241,1,D,D,1,orange,1
69,31,T1,Low Shade,910,13,2,unknown,4.7037128988210855,NA,D,NA,1,orange,1
70,31,T1,Natural,922,17,13,unknown,7.229442349836567,NA,D,NA,1,orange,1
70,0,T0,Natural,922,17,13,unknown,7.081875423937929,0.9780460343037864,D,DC,1,orange,1
70,60,T2,Natural,922,17,13,unknown,7.922945860809604,0,D,C,1,orange,1
73,31,T1,Low Shade,919,14,6,unknown,9.257957781218014,NA,C,NA,3,orange,1
73,60,T2,Low Shade,919,14,6,unknown,9.433454191317683,0,C,C,2,orange,1
73,0,T0,Low Shade,919,14,6,unknown,9.128375071131805,0,C,C,1,orange,1
74,31,T1,Natural,920,13,1,unknown,2.6106981288040405,NA,C,NA,1,orange,1
74,0,T0,Natural,920,13,1,unknown,2.5298012165978863,0.024275472363248,C,CD,1,orange,1
74,60,T2,Natural,920,13,1,unknown,2.9402718039322933,0.04147196337858971,C,CD,1,orange,1
75,31,T1,Natural,909,14,5,unknown,3.886790746742427,NA,D,NA,1,orange,1
75,0,T0,Natural,909,14,5,unknown,3.8482729449928286,0.9781876794859028,D,DC,1,orange,1
75,60,T2,Natural,909,14,5,unknown,3.979635834605804,0.977525863431153,D,DC,1,orange,1
76,0,T0,High Shade,916,13,3,unknown,5.619805892505217,0.9855786681565972,D,DC,1,orange,1
76,31,T1,High Shade,916,13,3,unknown,5.621867791017894,NA,D,NA,NA,orange,1
76,60,T2,High Shade,916,13,3,unknown,5.621638696369134,NA,D,NA,2,orange,1
78,31,T1,Natural,910,16,9,unknown,5.367077277787994,NA,D,NA,1,orange,1
78,60,T2,Natural,910,16,9,unknown,5.951262514667615,0.9696148834567608,D,DC,1,orange,1
78,0,T0,Natural,910,16,9,unknown,5.033322501315245,NA,D,NA,1,orange,1
79,60,T2,Medium Shade,910,14,8,unknown,3.427599374906576,0.9573363099992008,D,DC,1,orange,1
79,0,T0,Medium Shade,910,14,8,unknown,3.409469948450041,NA,D,NA,1,orange,1
79,31,T1,Medium Shade,910,14,8,unknown,3.421685013513549,NA,D,NA,1,orange,1
80,0,T0,High Shade,910,17,16,unknown,2.5338395607572153,NA,D,NA,1,orange,1
80,31,T1,High Shade,910,17,16,unknown,2.5379317849978484,NA,D,NA,1,orange,1
80,60,T2,High Shade,910,17,16,unknown,2.535775453629639,NA,D,NA,2,orange,1
81,31,T1,Medium Shade,911,17,15,unknown,3.15267351813439,NA,D,NA,1,orange,1
81,60,T2,Medium Shade,911,17,15,unknown,3.1646301511973283,NA,D,NA,2,orange,1
81,0,T0,Medium Shade,911,17,15,unknown,3.1566801438769967,NA,D,NA,1,orange,1
82,60,T2,Low Shade,911,14,6,unknown,5.654011706302923,0.9788433143108212,D,DC,4,orange,1
82,31,T1,Low Shade,911,14,6,unknown,5.621907172834171,NA,D,NA,5,orange,1
82,0,T0,Low Shade,911,14,6,unknown,5.635910254502153,NA,D,NA,1,orange,1
83,60,T2,Natural,911,13,1,unknown,5.11211744075368,1,D,D,1,orange,1
83,0,T0,Natural,911,13,1,unknown,4.537874640841799,NA,D,NA,1,orange,1
83,31,T1,Natural,911,13,1,unknown,4.675389371296994,NA,D,NA,1,orange,1
84,60,T2,Low Shade,922,16,10,unknown,5.587128590806915,NA,D,NA,1,orange,1
84,0,T0,Low Shade,922,16,10,unknown,5.518683909645936,NA,D,NA,1,orange,1
84,31,T1,Low Shade,922,16,10,unknown,5.542932197183295,NA,D,NA,1,orange,1
85,0,T0,Medium Shade,922,13,4,unknown,5.708781855600595,NA,D,NA,1,orange,1
85,60,T2,Medium Shade,922,13,4,unknown,5.724779547652599,0.9664283591643557,D,DC,2,orange,1
85,31,T1,Medium Shade,922,13,4,unknown,5.7249723146292295,NA,D,NA,2,orange,1
86,0,T0,High Shade,922,14,7,unknown,7.858418564527319,NA,D,NA,1,orange,1
86,31,T1,High Shade,922,14,7,unknown,7.860363952958554,NA,D,NA,NA,orange,1
86,60,T2,High Shade,922,14,7,unknown,7.84002959225268,NA,D,NA,6,orange,1
87,31,T1,Low Shade,920,16,10,unknown,3.4560622312700757,NA,C,NA,1,orange,1
87,60,T2,Low Shade,920,16,10,unknown,3.4983702002651724,NA,C,NA,1,orange,1
87,0,T0,Low Shade,920,16,10,unknown,3.4317227610092953,NA,C,NA,1,orange,1
88,31,T1,Medium Shade,920,17,15,unknown,4.384218525355705,NA,C,NA,1,orange,1
88,60,T2,Medium Shade,920,17,15,unknown,4.4304770850274755,NA,C,NA,1,orange,1
88,0,T0,Medium Shade,920,17,15,unknown,4.372057180903088,NA,C,NA,1,orange,1
89,31,T1,High Shade,920,14,7,unknown,2.2183726472918384,NA,C,NA,NA,orange,1
89,60,T2,High Shade,920,14,7,unknown,2.2203679098995988,0,C,C,1,orange,1
89,0,T0,High Shade,920,14,7,unknown,2.222431693478398,NA,C,NA,1,orange,1
97,0,T0,High Shade,894B,14,7,unknown,4.519536337435096,0,C,C,1,NA,NA
97,60,T2,High Shade,894B,14,7,unknown,4.600478316149387,NA,C,NA,6,NA,NA
97,31,T1,High Shade,894B,14,7,unknown,4.562124760101784,NA,C,NA,4,NA,NA
101,0,T0,High Shade,873,13,3,2.6,4.582383139146738,NA,C,NA,1,orange,0.8
101,60,T2,High Shade,873,13,3,2.6,4.5842656868986715,NA,C,NA,1,orange,0.8
101,31,T1,High Shade,873,13,3,2.6,4.580394872261914,NA,C,NA,1,orange,0.8
102,0,T0,Natural,873,16,9,2.6,3.7106771222260533,0,C,C,1,orange,0.8
102,60,T2,Natural,873,16,9,2.6,4.020088877564682,0,C,C,1,orange,0.8
102,31,T1,Natural,873,16,9,2.6,3.8099507807662545,NA,C,NA,1,orange,0.8
103,31,T1,Low Shade,873,17,14,2.6,2.6208201934302866,NA,C,NA,1,orange,0.8
103,60,T2,Low Shade,873,17,14,2.6,2.6408950162938907,NA,C,NA,1,orange,0.8
103,0,T0,Low Shade,873,17,14,2.6,2.61678466467382,0,C,C,1,orange,0.8
104,60,T2,Medium Shade,873,14,8,2.6,4.084807021534983,0,C,C,1,orange,0.8
104,0,T0,Medium Shade,873,14,8,2.6,4.070603099176448,0,C,C,1,orange,0.8
104,31,T1,Medium Shade,873,14,8,2.6,4.085004737433904,NA,C,NA,NA,orange,0.8
105,0,T0,Low Shade,881,14,6,2.7,4.462864873386173,0,C,C,1,brown,0.6
105,60,T2,Low Shade,881,14,6,2.7,4.515523562758104,0,C,C,1,brown,0.6
105,31,T1,Low Shade,881,14,6,2.7,4.477305206017483,NA,C,NA,1,brown,0.6
106,60,T2,Medium Shade,881,16,11,2.7,1.7532378643753566,NA,C,NA,1,brown,0.6
106,31,T1,Medium Shade,881,16,11,2.7,1.743202180864131,NA,C,NA,1,brown,0.6
106,0,T0,Medium Shade,881,16,11,2.7,1.7451067191067735,0,C,C,1,brown,0.6
107,31,T1,Natural,881,13,1,2.7,2.954474277437645,NA,C,NA,1,brown,0.6
107,60,T2,Natural,881,13,1,2.7,3.251692526190088,0,C,C,1,brown,0.6
107,0,T0,Natural,881,13,1,2.7,2.8815898896303884,0,C,C,1,brown,0.6
108,31,T1,High Shade,881,17,16,2.7,1.3528873184546055,NA,C,NA,2,brown,0.6
108,60,T2,High Shade,881,17,16,2.7,1.3689916045682715,NA,C,NA,3,brown,0.6
108,0,T0,High Shade,881,17,16,2.7,1.3811389485460202,0.00330757249082724,C,CD,1,brown,0.6
109,0,T0,Natural,868,14,5,2,5.273838167517142,0.20101044806695767,D,CD,1,orange,1
109,60,T2,Natural,868,14,5,2,5.471996240043294,0.35392123368758877,D,CD,1,orange,1
109,31,T1,Natural,868,14,5,2,5.395386705746437,NA,D,NA,2,orange,1
110,0,T0,Low Shade,868,13,2,2,3.3851071154019947,NA,D,NA,1,orange,1
110,60,T2,Low Shade,868,13,2,2,3.4963896300764086,0,D,C,1,orange,1
110,31,T1,Low Shade,868,13,2,2,3.4762238547276074,NA,D,NA,1,orange,1
111,60,T2,Medium Shade,868,16,11,2,4.7863906816602375,0,D,C,1,orange,1
111,0,T0,Medium Shade,868,16,11,2,4.71569498643949,0.4220206659354596,D,CD,1,orange,1
111,31,T1,Medium Shade,868,16,11,2,4.766437685085578,NA,D,NA,1,orange,1
112,31,T1,High Shade,868,17,16,2,2.667348103606714,NA,D,NA,1,orange,1
112,60,T2,High Shade,868,17,16,2,2.665191222074255,NA,D,NA,1,orange,1
112,0,T0,High Shade,868,17,16,2,2.6611734760535435,0.5801811383236819,D,DC,1,orange,1
113,31,T1,Natural,875,17,13,2.7,4.893787438029197,NA,C,NA,1,orange,1
113,60,T2,Natural,875,17,13,2.7,5.623735385578624,0,C,C,1,orange,1
113,0,T0,Natural,875,17,13,2.7,4.558061331451902,0,C,C,1,orange,1
114,31,T1,Low Shade,875,14,6,2.7,1.3872749717975514,NA,C,NA,1,orange,1
114,60,T2,Low Shade,875,14,6,2.7,1.413502756293386,0,C,C,1,orange,1
114,0,T0,Low Shade,875,14,6,2.7,1.3831586474452315,0,C,C,1,orange,1
115,31,T1,Medium Shade,875,13,4,2.7,7.130419251478562,NA,C,NA,1,orange,1
115,0,T0,Medium Shade,875,13,4,2.7,7.02500046824468,0,C,C,1,orange,1
115,60,T2,Medium Shade,875,13,4,2.7,7.144332636198535,0,C,C,1,orange,1
116,60,T2,High Shade,875,16,12,2.7,4.086844366030465,0,C,C,1,orange,1
116,0,T0,High Shade,875,16,12,2.7,4.030265201941499,NA,C,NA,1,orange,1
116,31,T1,High Shade,875,16,12,2.7,4.072868021183296,NA,C,NA,1,orange,1
117,60,T2,Natural,866,17,13,2.7,4.382101934628731,0,C,C,1,orange,0.8
117,0,T0,Natural,866,17,13,2.7,3.856401455628693,0,C,C,1,orange,0.8
117,31,T1,Natural,866,17,13,2.7,4.06668516426328,NA,C,NA,1,orange,0.8
118,0,T0,Low Shade,866,13,2,2.7,0.9928817138641897,0,C,C,1,orange,0.8
118,31,T1,Low Shade,866,13,2,2.7,1.0192044907625024,NA,C,NA,1,orange,0.8
118,60,T2,Low Shade,866,13,2,2.7,1.0272775313125158,0,C,C,1,orange,0.8
120,60,T2,Medium Shade,866,13,4,2.7,2.1030616143173058,0,C,C,1,orange,0.8
120,31,T1,Medium Shade,866,13,4,2.7,2.097061763664964,NA,C,NA,1,orange,0.8
120,0,T0,Medium Shade,866,13,4,2.7,2.0990093244531263,0,C,C,1,orange,0.8
123,0,T0,Natural,857,13,1,2.7,2.6389460295854184,0,C,C,1,orange,0.8
123,31,T1,Natural,857,13,1,2.7,2.7239396942860687,NA,C,NA,2,orange,0.8
123,60,T2,Natural,857,13,1,2.7,2.863433284151957,NA,C,NA,2,orange,0.8
124,31,T1,Natural,857,13,1,2.7,4.109163469063387,NA,C,NA,2,orange,0.8
124,0,T0,Natural,857,13,1,2.7,3.9472664241590834,0,C,C,1,orange,0.8
124,60,T2,Natural,857,13,1,2.7,4.549941146787575,0,C,C,1,orange,0.8
126,31,T1,Natural,863,13,1,3,4.626961074154287,NA,C,NA,1,orange,1
126,0,T0,Natural,863,13,1,3,4.5904923038952665,0,C,C,1,orange,1
126,60,T2,Natural,863,13,1,3,4.691458703895992,0,C,C,2,orange,1
127,31,T1,Low Shade,863,16,10,3,3.18912106994664,NA,C,NA,1,orange,1
127,60,T2,Low Shade,863,16,10,3,3.241552491131469,0,C,C,1,orange,1
127,0,T0,Low Shade,863,16,10,3,3.1626337902037394,0,C,C,1,orange,1
128,31,T1,Medium Shade,863,17,15,3,4.190093778875419,NA,C,NA,1,orange,1
128,0,T0,Medium Shade,863,17,15,3,4.171888240960726,0,C,C,1,orange,1
128,60,T2,Medium Shade,863,17,15,3,4.2181702731462085,0,C,C,1,orange,1
129,31,T1,High Shade,863,14,7,3,1.9332406252245253,NA,C,NA,NA,orange,1
129,0,T0,High Shade,863,14,7,3,1.9291994410472963,NA,C,NA,1,orange,1
129,60,T2,High Shade,863,14,7,3,1.9412987757140754,0,C,C,1,orange,1
130,60,T2,Natural,859,17,13,2.8,2.897810661150957,0,C,C,1,brown,0.6
130,31,T1,Natural,859,17,13,2.8,2.7886447110066204,NA,C,NA,1,brown,0.6
130,0,T0,Natural,859,17,13,2.8,2.7299708038632993,0,C,C,1,brown,0.6
131,60,T2,Low Shade,859,14,6,2.8,8.074549130764515,0,C,C,1,brown,0.6
131,0,T0,Low Shade,859,14,6,2.8,7.995856069752417,0,C,C,1,brown,0.6
131,31,T1,Low Shade,859,14,6,2.8,8.022319730054077,NA,C,NA,1,brown,0.6
132,60,T2,Medium Shade,859,13,4,2.8,4.5761829499484445,0,C,C,2,brown,0.6
132,0,T0,Medium Shade,859,13,4,2.8,4.5459005873714124,0,C,C,1,brown,0.6
132,31,T1,Medium Shade,859,13,4,2.8,4.546005578070536,NA,C,NA,2,brown,0.6
133,31,T1,High Shade,859,16,12,2.8,6.867662421603947,NA,C,NA,1,brown,0.6
133,60,T2,High Shade,859,16,12,2.8,6.877466782610464,0,C,C,1,brown,0.6
133,0,T0,High Shade,859,16,12,2.8,6.863342869229155,0,C,C,1,brown,0.6
134,31,T1,Natural,878,16,9,2.4,3.534925975252938,NA,D,NA,1,orange,0.8
134,60,T2,Natural,878,16,9,2.4,3.589363858502333,0.8559120088418236,D,DC,1,orange,0.8
135,31,T1,Low Shade,878,13,2,2.4,1.7269885476221056,NA,D,NA,3,orange,0.8
135,60,T2,Low Shade,878,13,2,2.4,1.724937315674157,NA,D,NA,5,orange,0.8
136,60,T2,Medium Shade,878,14,8,2.4,1.0394012654171954,NA,D,NA,4,orange,0.8
136,31,T1,Medium Shade,878,14,8,2.4,1.043494677406471,NA,D,NA,3,orange,0.8
136,0,T0,Medium Shade,878,14,8,2.4,1.0333545842328187,0.9560734673519744,D,DC,1,orange,0.8
137,60,T2,High Shade,878,17,16,2.4,2.293109777884841,NA,D,NA,6,orange,0.8
137,31,T1,High Shade,878,17,16,2.4,2.303347380669073,NA,D,NA,3,orange,0.8
138,0,T0,Natural,877,14,5,2.7,3.8988050958858036,0,C,C,1,orange,1
138,31,T1,Natural,877,14,5,2.7,4.008118654294797,NA,C,NA,1,orange,1
138,60,T2,Natural,877,14,5,2.7,4.258700282052,0,C,C,1,orange,1
139,0,T0,Low Shade,877,17,14,2.7,3.4175244394409736,0,C,C,1,orange,1
139,31,T1,Low Shade,877,17,14,2.7,3.458022730641966,NA,C,NA,1,orange,1
139,60,T2,Low Shade,877,17,14,2.7,3.53871673064674,0,C,C,1,orange,1
140,31,T1,Medium Shade,877,16,11,2.7,2.5864871073597517,NA,C,NA,1,orange,1
140,60,T2,Medium Shade,877,16,11,2.7,2.5843440951973498,NA,C,NA,1,orange,1
140,0,T0,Medium Shade,877,16,11,2.7,2.5681975400228656,0,C,C,1,orange,1
141,60,T2,High Shade,877,13,3,2.7,1.902864767153674,0,C,C,1,orange,1
141,0,T0,High Shade,877,13,3,2.7,1.9069124212367634,0,C,C,1,orange,1
141,31,T1,High Shade,877,13,3,2.7,1.9069825537401786,NA,C,NA,1,orange,1
142,60,T2,Low Shade,UNKNOWN1,17,14,unknown,3.5892709516702546,0,C,C,1,NA,NA
142,31,T1,Low Shade,UNKNOWN1,17,14,unknown,3.4903802638246306,NA,C,NA,1,NA,NA
142,0,T0,Low Shade,UNKNOWN1,17,14,unknown,3.4437555934840627,NA,C,NA,1,NA,NA
144,31,T1,Medium Shade,UNKNOWN2,17,15,unknown,1.4539975926981448,NA,C,NA,4,NA,NA
144,0,T0,Medium Shade,UNKNOWN2,17,15,unknown,1.44587666470561,0,C,C,1,NA,NA
144,60,T2,Medium Shade,UNKNOWN2,17,15,unknown,1.4721138251687553,NA,C,NA,1,NA,NA
146,1,T0,Medium Shade,861,16,11,2.1,5.5023697779048195,0,C,C,1,orange,0.8
146,31,T1,Medium Shade,861,16,11,2.1,5.553166742734033,NA,C,NA,1,orange,0.8
146,60,T2,Medium Shade,861,16,11,2.1,5.581212599956717,0,C,C,1,orange,0.8
147,31,T1,Low Shade,861,17,14,2.1,3.2659079188487308,NA,C,NA,1,orange,0.8
147,1,T0,Low Shade,861,17,14,2.1,3.255732135730943,0,C,C,1,orange,0.8
147,60,T2,Low Shade,861,17,14,2.1,3.3526803669010907,0.01996426655464189,C,CD,1,orange,0.8
148,31,T1,Natural,861,14,5,2.1,2.169848988954078,NA,C,NA,1,orange,0.8
148,1,T0,Natural,861,14,5,2.1,2.0181449639166313,0,C,C,1,orange,0.8
148,60,T2,Natural,861,14,5,2.1,2.4286612185773073,NA,C,NA,1,orange,0.8
149,1,T0,High Shade,861,13,3,2.1,2.192058211273457,0,C,C,1,orange,0.8
149,31,T1,High Shade,861,13,3,2.1,2.1961681266801567,NA,C,NA,2,orange,0.8
149,60,T2,High Shade,861,13,3,2.1,3.563106033617366,NA,C,NA,NA,orange,0.8
150,31,T1,Medium Shade,899,14,8,2.3,2.2103457212784225,NA,C,NA,NA,brown,0.8
150,60,T2,Medium Shade,899,14,8,2.3,2.2021586234709893,0,C,C,1,brown,0.8
150,1,T0,Medium Shade,899,14,8,2.3,2.1880023850261394,0,C,C,1,brown,0.8
151,1,T0,High Shade,899,17,16,2.3,2.01005354318376,0,C,C,1,brown,0.8
151,31,T1,High Shade,899,17,16,2.3,2.0121443937739683,NA,C,NA,1,brown,0.8
151,60,T2,High Shade,899,17,16,2.3,2.0120389795918183,NA,C,NA,2,brown,0.8
153,60,T2,Low Shade,899,16,10,2.3,4.202086979037292,0,C,C,1,brown,0.8
153,0,T0,Low Shade,899,16,10,2.3,3.700587328473869,0,C,C,1,brown,0.8
153,31,T1,Low Shade,899,16,10,2.3,3.8504015863854057,NA,C,NA,1,brown,0.8
154,1,T0,Medium Shade,860,14,8,3.2,4.43061535530815,0,C,C,1,orange,0.8
154,60,T2,Medium Shade,860,14,8,3.2,4.475085824259454,NA,C,NA,2,orange,0.8
154,31,T1,Medium Shade,860,14,8,3.2,4.442944265315973,NA,C,NA,NA,orange,0.8
155,31,T1,Low Shade,860,17,14,3.2,3.6015998044528157,NA,C,NA,1,orange,0.8
155,1,T0,Low Shade,860,17,14,3.2,3.502424769205733,0,C,C,1,orange,0.8
155,60,T2,Low Shade,860,17,14,3.2,3.823836746045889,0,C,C,NA,orange,0.8
156,31,T1,Natural,860,16,9,3.2,6.376206823306744,NA,C,NA,2,orange,0.8
156,60,T2,Natural,860,16,9,3.2,6.452763128527326,NA,C,NA,2,orange,0.8
156,1,T0,Natural,860,16,9,3.2,4.238498242422655,0,C,C,1,orange,0.8
157,31,T1,High Shade,860,13,3,3.2,3.458041714277205,NA,C,NA,3,orange,0.8
157,1,T0,High Shade,860,13,3,3.2,3.4660272726420502,0,C,C,1,orange,0.8
157,60,T2,High Shade,860,13,3,3.2,3.496336227061617,0,C,C,3,orange,0.8
158,31,T1,High Shade,890,16,12,2.7,2.3458421591818843,NA,C,NA,1,orange,1
158,0,T0,High Shade,890,16,12,2.7,2.3376170290208806,0,C,C,1,orange,1
158,60,T2,High Shade,890,16,12,2.7,2.343717109301075,0,C,C,1,orange,1
159,0,T0,Medium Shade,890,13,4,2.7,3.8582852989732577,0,C,C,1,orange,1
159,60,T2,Medium Shade,890,13,4,2.7,3.9331312647401067,0,C,C,1,orange,1
159,31,T1,Medium Shade,890,13,4,2.7,3.92314993492582,NA,C,NA,1,orange,1
160,60,T2,Low Shade,890,14,6,2.7,3.5428502917280373,0,C,C,1,orange,1
160,0,T0,Low Shade,890,14,6,2.7,3.3305951046895848,0,C,C,1,orange,1
160,31,T1,Low Shade,890,14,6,2.7,3.4236963254024086,NA,C,NA,1,orange,1
161,60,T2,Natural,890,17,13,2.7,3.160690318073305,NA,C,NA,1,orange,1
161,31,T1,Natural,890,17,13,2.7,2.936271119323215,NA,C,NA,1,orange,1
161,0,T0,Natural,890,17,13,2.7,2.778541494551593,0,C,C,1,orange,1
186,60,T2,Natural,881,14,5,2.7,1.7876009507917066,0,C,C,1,brown,0.6
186,0,T0,Natural,881,14,5,2.7,1.6945880961186697,0,C,C,1,brown,0.6
186,31,T1,Natural,881,14,5,2.7,1.7148728512540148,NA,C,NA,1,brown,0.6
187,31,T1,High Shade,881,16,12,2.7,7.211457288267629,NA,C,NA,2,brown,0.6
187,60,T2,High Shade,881,16,12,2.7,7.223261897905604,0.01168812401073104,C,CD,2,brown,0.6
187,0,T0,High Shade,881,16,12,2.7,7.215131419662143,0.18546578123436896,C,CD,1,brown,0.6
191,31,T1,Natural,872,16,9,2.7,5.431814300958511,NA,C,NA,1,orange,1
191,1,T0,Natural,872,16,9,2.7,5.233433583226866,0.00543298591476804,C,CD,1,orange,1
191,60,T2,Natural,872,16,9,2.7,5.963400452946508,0.0010612022680887,C,CD,1,orange,1
192,1,T0,Medium Shade,872,17,15,2.7,4.606554868688344,0.01852660036899067,C,CD,1,orange,1
192,31,T1,Medium Shade,872,17,15,2.7,4.643086503743584,NA,C,NA,1,orange,1
192,60,T2,Medium Shade,872,17,15,2.7,4.667074325238639,NA,C,NA,1,orange,1
195,60,T2,Low Shade,858,13,2,2.4,3.237541749566005,0,C,C,1,brown,1
195,31,T1,Low Shade,858,13,2,2.4,3.1931041115197725,NA,C,NA,1,brown,1
196,60,T2,Medium Shade,858,16,11,2.4,3.0393341063448296,0,C,C,4,brown,1
196,31,T1,Medium Shade,858,16,11,2.4,3.057679796538285,NA,C,NA,2,brown,1
196,1,T0,Medium Shade,858,16,11,2.4,3.0474446985462884,0,C,C,1,brown,1
198,0,T0,Natural,905,13,1,3.1,2.545907061251547,0,C,C,1,brown,1
198,60,T2,Natural,905,13,1,3.1,2.80074472129899,0,C,C,1,brown,1
198,31,T1,Natural,905,13,1,3.1,2.663271731512167,NA,C,NA,1,brown,1
199,31,T1,Low Shade,905,16,10,3.1,2.0627169229622915,NA,C,NA,1,brown,1
199,60,T2,Low Shade,905,16,10,3.1,2.076776946896463,0,C,C,1,brown,1
199,0,T0,Low Shade,905,16,10,3.1,2.056535541732828,0,C,C,1,brown,1
200,60,T2,Medium Shade,905,17,15,3.1,4.523498131873137,0,C,C,1,brown,1
200,0,T0,Medium Shade,905,17,15,3.1,4.501295639569395,0,C,C,1,brown,1
200,31,T1,Medium Shade,905,17,15,3.1,4.505561990339022,NA,C,NA,1,brown,1
201,60,T2,High Shade,905,14,7,3.1,3.3224618922881533,NA,C,NA,6,brown,1
201,0,T0,High Shade,905,14,7,3.1,3.346641587180078,0,C,C,1,brown,1
201,31,T1,High Shade,905,14,7,3.1,3.346772375080683,NA,C,NA,NA,brown,1
202,31,T1,Natural,895,16,9,2.4,3.439877848210502,NA,C,NA,1,brown,1
202,60,T2,Natural,895,16,9,2.4,3.631830271802449,0,C,C,1,brown,1
202,0,T0,Natural,895,16,9,2.4,3.336600839862674,0,C,C,1,brown,1
203,60,T2,Low Shade,895,13,2,2.4,7.556968540059023,0,C,C,1,brown,1
203,0,T0,Low Shade,895,13,2,2.4,5.433484234248148,0,C,C,1,brown,1
203,31,T1,Low Shade,895,13,2,2.4,7.506539858418097,NA,C,NA,1,brown,1
204,31,T1,Medium Shade,895,14,8,2.4,4.499553314018073,NA,C,NA,1,brown,1
204,60,T2,Medium Shade,895,14,8,2.4,4.509463547543121,0,C,C,1,brown,1
204,0,T0,Medium Shade,895,14,8,2.4,4.4853063836407046,0,C,C,1,brown,1
205,60,T2,High Shade,895,17,16,2.4,5.702447527656794,NA,C,NA,2,brown,1
205,31,T1,High Shade,895,17,16,2.4,5.696695874105101,NA,C,NA,1,brown,1
205,0,T0,High Shade,895,17,16,2.4,5.775344516841548,0,C,C,1,brown,1
206,0,T0,Natural,856,16,9,3.3,4.034310691467967,0,C,C,1,brown,0.6
206,60,T2,Natural,856,16,9,3.3,4.248592683443076,NA,C,NA,2,brown,0.6
206,31,T1,Natural,856,16,9,3.3,4.089015045282949,NA,C,NA,2,brown,0.6
208,0,T0,Low Shade,856,14,6,3.3,13.136336880493905,0,C,C,1,brown,0.6
208,31,T1,Low Shade,856,14,6,3.3,13.179109694177294,NA,C,NA,2,brown,0.6
208,60,T2,Low Shade,856,14,6,3.3,13.182565618627013,NA,C,NA,5,brown,0.6
210,0,T0,Natural,879,14,5,2.5,3.0473631144039874,0,C,C,1,brown,1
210,60,T2,Natural,879,14,5,2.5,3.312320286734621,0,C,C,1,brown,1
210,31,T1,Natural,879,14,5,2.5,3.1527020574186584,NA,C,NA,1,brown,1
212,0,T0,Medium Shade,879,13,4,2.5,3.8299304460514683,0,C,C,1,brown,1
212,60,T2,Medium Shade,879,13,4,2.5,3.8724662809314565,0,C,C,1,brown,1
212,31,T1,Medium Shade,879,13,4,2.5,3.8462959319419037,NA,C,NA,1,brown,1
213,31,T1,High Shade,879,16,12,2.5,2.3478396831733086,NA,C,NA,3,brown,1
213,60,T2,High Shade,879,16,12,2.5,2.376020490400798,NA,C,NA,4,brown,1
213,0,T0,High Shade,879,16,12,2.5,2.402303686605829,0,C,C,1,brown,1
218,60,T2,High Shade,888,13,3,2.7,3.8704363649086715,0,C,C,1,brown,0.6
218,31,T1,High Shade,888,13,3,2.7,3.8584576916816906,NA,C,NA,1,brown,0.6
218,0,T0,High Shade,888,13,3,2.7,3.854252119915207,0,C,C,1,brown,0.6
219,0,T0,Medium Shade,888,17,15,2.7,4.734074656118642,0,C,C,1,brown,0.6
219,31,T1,Medium Shade,888,17,15,2.7,4.788676298529085,NA,C,NA,1,brown,0.6
219,60,T2,Medium Shade,888,17,15,2.7,4.85513679358741,NA,C,NA,1,brown,0.6
220,31,T1,Low Shade,888,16,10,2.7,4.8392919555459875,NA,C,NA,1,brown,0.6
220,0,T0,Low Shade,888,16,10,2.7,4.784377427935936,0,C,C,1,brown,0.6
220,60,T2,Low Shade,888,16,10,2.7,4.869402607899353,NA,C,NA,1,brown,0.6
221,31,T1,Natural,888,14,5,2.7,4.343816686438786,NA,C,NA,NA,brown,0.6
221,0,T0,Natural,888,14,5,2.7,4.29322057394782,NA,C,NA,1,brown,0.6
221,60,T2,Natural,888,14,5,2.7,4.452827460493542,NA,C,NA,1,brown,0.6
222,0,T0,Natural,903,17,13,2.3,6.580111212828176,0,C,C,1,brown,1
222,31,T1,Natural,903,17,13,2.3,6.697622253014318,NA,C,NA,1,brown,1
222,60,T2,Natural,903,17,13,2.3,6.988702193875523,0,C,C,1,brown,1
223,0,T0,Low Shade,903,14,6,2.3,3.959537043018514,0,C,C,1,brown,1
223,60,T2,Low Shade,903,14,6,2.3,4.0120008442027695,0,C,C,1,brown,1
223,31,T1,Low Shade,903,14,6,2.3,3.9980320891090595,NA,C,NA,1,brown,1
224,31,T1,Medium Shade,903,13,4,2.3,5.799777322394278,NA,C,NA,1,brown,1
224,60,T2,Medium Shade,903,13,4,2.3,5.825885387330329,NA,C,NA,1,brown,1
224,0,T0,Medium Shade,903,13,4,2.3,5.775344238545449,0,C,C,1,brown,1
225,60,T2,High Shade,903,16,12,2.3,2.483248333243647,NA,C,NA,1,brown,1
225,31,T1,High Shade,903,16,12,2.3,2.4570747076781405,NA,C,NA,1,brown,1
225,0,T0,High Shade,903,16,12,2.3,2.4469111006028013,NA,C,NA,1,brown,1
229,60,T2,High Shade,902,14,7,2.6,3.5408612159457293,0,C,C,1,brown,1
229,0,T0,High Shade,902,14,7,2.6,3.5429524419646237,NA,C,NA,1,brown,1
229,31,T1,High Shade,902,14,7,2.6,3.5409018986355183,NA,C,NA,NA,brown,1
230,31,T1,Natural,891,13,1,3.4,2.3821823654314316,NA,C,NA,1,brown,0.8
230,60,T2,Natural,891,13,1,3.4,2.63290130650802,0,C,C,1,brown,0.8
230,0,T0,Natural,891,13,1,3.4,2.2588039956590604,NA,C,NA,1,brown,0.8
232,60,T2,High Shade,891,14,7,3.4,5.120179221534004,0,C,C,1,brown,0.8
232,31,T1,High Shade,891,14,7,3.4,5.126317897168598,NA,C,NA,NA,brown,0.8
232,0,T0,High Shade,891,14,7,3.4,5.099991253069279,NA,C,NA,1,brown,0.8
233,31,T1,Medium Shade,891,17,15,3.4,4.2163679524425435,NA,C,NA,1,brown,0.8
233,60,T2,Medium Shade,891,17,15,3.4,4.228271257180851,0,C,C,1,brown,0.8
233,0,T0,Medium Shade,891,17,15,3.4,4.17990292762951,NA,C,NA,1,brown,0.8
234,0,T0,High Shade,855,17,16,2.5,12.90541772599696,0,C,C,1,brown,1
234,60,T2,High Shade,855,17,16,2.5,12.962236496521536,0,C,C,2,brown,1
234,31,T1,High Shade,855,17,16,2.5,12.948667325029259,NA,C,NA,2,brown,1
235,0,T0,Medium Shade,855,16,11,2.5,2.948331674884933,0,C,C,1,brown,1
235,60,T2,Medium Shade,855,16,11,2.5,2.9685574338744463,0,C,C,5,brown,1
235,31,T1,Medium Shade,855,16,11,2.5,2.9525192936426263,NA,C,NA,3,brown,1
236,0,T0,Low Shade,855,13,2,2.5,5.4194863686966395,NA,C,NA,1,brown,1
236,60,T2,Low Shade,855,13,2,2.5,5.5529585547614575,0,C,C,2,brown,1
236,31,T1,Low Shade,855,13,2,2.5,5.466089039924507,NA,C,NA,2,brown,1
237,31,T1,Natural,855,14,5,2.5,10.09106697870148,NA,C,NA,NA,brown,1
237,0,T0,Natural,855,14,5,2.5,9.757213520696732,0,C,C,1,brown,1
237,60,T2,Natural,855,14,5,2.5,10.855014839010376,0,C,C,1,brown,1
238,60,T2,Natural,892,13,1,2.8,6.252628426262265,0,C,C,1,orange,0.6
238,0,T0,Natural,892,13,1,2.8,5.28800143464224,NA,C,NA,1,orange,0.6
238,31,T1,Natural,892,13,1,2.8,5.690540592269677,NA,C,NA,1,orange,0.6
240,60,T2,Low Shade,892,16,10,2.8,3.803718817323538,0,C,C,1,orange,0.6
240,0,T0,Low Shade,892,16,10,2.8,3.7207798896638042,NA,C,NA,1,orange,0.6
240,31,T1,Low Shade,892,16,10,2.8,3.7654709703025313,NA,C,NA,1,orange,0.6
241,31,T1,Medium Shade,892,14,8,2.8,5.130514632853632,NA,C,NA,1,orange,0.6
241,0,T0,Medium Shade,892,14,8,2.8,5.110047723148509,0,C,C,1,orange,0.6
241,60,T2,Medium Shade,892,14,8,2.8,5.142405197796993,0,C,C,1,orange,0.6
242,31,T1,Natural,885,14,5,2.7,2.34987195205481,NA,C,NA,2,brown,1
242,60,T2,Natural,885,14,5,2.7,2.539847723543836,0,C,C,1,brown,1
242,1,T0,Natural,885,14,5,2.7,2.212282282202613,0,C,C,1,brown,1
243,60,T2,Low Shade,885,17,14,2.7,2.8188422723659725,0,C,C,1,brown,1
243,1,T0,Low Shade,885,17,14,2.7,2.436733109246276,0,C,C,1,brown,1
243,31,T1,Low Shade,885,17,14,2.7,2.5965444614576443,NA,C,NA,1,brown,1
244,1,T0,Medium Shade,885,16,11,2.7,3.7410618194972978,0,C,C,1,brown,1
244,60,T2,Medium Shade,885,16,11,2.7,3.7956305583223866,0,C,C,1,brown,1
244,31,T1,Medium Shade,885,16,11,2.7,3.793783238686077,NA,C,NA,1,brown,1
245,0,T0,High Shade,885,13,3,2.7,5.298063825009512,0,C,C,1,brown,1
245,60,T2,High Shade,885,13,3,2.7,5.336511517069026,0,C,C,1,brown,1
245,31,T1,High Shade,885,13,3,2.7,5.324598543807689,NA,C,NA,NA,brown,1
247,0,T0,Natural,882,17,13,2.4,4.111016327631564,0,C,C,1,brown,0.8
247,60,T2,Natural,882,17,13,2.4,4.29110418516489,0,C,C,1,brown,0.8
247,31,T1,Natural,882,17,13,2.4,4.171849062853642,NA,C,NA,1,brown,0.8
248,0,T0,Low Shade,882,14,6,2.4,6.440597483344366,0,C,C,1,brown,0.8
248,60,T2,Low Shade,882,14,6,2.4,6.495236802640304,NA,C,NA,1,brown,0.8
248,31,T1,Low Shade,882,14,6,2.4,6.481373115012087,NA,C,NA,1,brown,0.8
249,60,T2,Medium Shade,882,13,4,2.4,2.6510681920896353,0,C,C,2,brown,0.8
249,0,T0,Medium Shade,882,13,4,2.4,2.6268670442876685,0,C,C,1,brown,0.8
249,31,T1,Medium Shade,882,13,4,2.4,2.659252187902043,NA,C,NA,2,brown,0.8
251,60,T2,Natural,865,13,1,2.4,4.5843166025343285,0,C,C,1,brown,1
251,0,T0,Natural,865,13,1,2.4,3.908852632629859,0,C,C,1,brown,1
251,31,T1,Natural,865,13,1,2.4,4.167808327548184,NA,C,NA,1,brown,1
253,0,T0,Medium Shade,865,16,11,2.4,3.0817824021041007,0,C,C,1,brown,1
253,60,T2,Medium Shade,865,16,11,2.4,3.1202214671099817,NA,C,NA,1,brown,1
253,31,T1,Medium Shade,865,16,11,2.4,3.1102552033805924,NA,C,NA,1,brown,1
254,60,T2,High Shade,865,14,7,2.4,4.20615717647942,NA,C,NA,6,brown,1
254,31,T1,High Shade,865,14,7,2.4,4.226438232423334,NA,C,NA,NA,brown,1
254,0,T0,High Shade,865,14,7,2.4,4.2285104467466486,0,C,C,1,brown,1
256,1,T0,Natural,901,16,9,2.5,2.9847567186823634,0,C,C,1,brown,1
256,31,T1,Natural,901,16,9,2.5,3.1992287276747065,NA,C,NA,1,brown,1
256,60,T2,Natural,901,16,9,2.5,3.686428079479557,0,C,C,1,brown,1
257,1,T0,Low Shade,901,13,2,2.5,5.724829337803754,0,C,C,1,brown,1
257,60,T2,Low Shade,901,13,2,2.5,6.276916544977712,0,C,C,1,brown,1
257,31,T1,Low Shade,901,13,2,2.5,5.9231201216311815,NA,C,NA,1,brown,1
258,1,T0,Medium Shade,901,14,8,2.5,5.2657896743039725,0,C,C,1,brown,1
258,31,T1,Medium Shade,901,14,8,2.5,5.326675677357563,NA,C,NA,NA,brown,1
258,60,T2,Medium Shade,901,14,8,2.5,5.374961143658807,0,C,C,1,brown,1
259,60,T2,High Shade,901,17,16,2.5,5.908700856242951,0,C,C,1,brown,1
259,31,T1,High Shade,901,17,16,2.5,5.884756922333968,NA,C,NA,1,brown,1
259,1,T0,High Shade,901,17,16,2.5,5.775381666911906,0,C,C,1,brown,1
260,60,T2,Natural,887,17,13,2.5,4.161673386823816,0,C,C,1,brown,1
260,1,T0,Natural,887,17,13,2.5,3.656126522609655,NA,C,NA,1,brown,1
260,31,T1,Natural,887,17,13,2.5,3.856389197749231,NA,C,NA,1,brown,1
261,1,T0,Low Shade,887,14,6,2.5,8.145367290513974,0,C,C,1,brown,1
261,31,T1,Low Shade,887,14,6,2.5,8.309492163548104,NA,C,NA,1,brown,1
261,60,T2,Low Shade,887,14,6,2.5,8.371822934077034,0,C,C,1,brown,1
262,31,T1,Medium Shade,887,13,4,2.5,3.2477229053150385,NA,C,NA,1,brown,1
262,60,T2,Medium Shade,887,13,4,2.5,3.247612689167313,NA,C,NA,1,brown,1
262,1,T0,Medium Shade,887,13,4,2.5,3.229438091728404,0,C,C,1,brown,1
263,31,T1,High Shade,887,16,12,2.5,2.556155966251276,NA,C,NA,1,brown,1
263,60,T2,High Shade,887,16,12,2.5,2.5621139588002078,0,C,C,1,brown,1
263,0,T0,High Shade,887,16,12,2.5,2.5499582136614847,0,C,C,1,brown,1
265,1,T0,High Shade,894,17,16,2.9,1.5409031189408635,NA,C,NA,1,brown,1
265,31,T1,High Shade,894,17,16,2.9,1.5490459056578072,NA,C,NA,1,brown,1
265,60,T2,High Shade,894,17,16,2.9,1.5732274455008248,NA,C,NA,5,brown,1
268,60,T2,High Shade,883,13,3,2.6,4.117147346549135,NA,C,NA,1,brown,1
268,31,T1,High Shade,883,13,3,2.6,4.101102215548311,NA,C,NA,1,brown,1
268,1,T0,High Shade,883,13,3,2.6,4.072700030233122,0,C,C,1,brown,1
269,60,T2,Natural,883,16,9,2.6,3.860334064420765,0,C,C,1,brown,1
269,1,T0,Natural,883,16,9,2.6,3.5428830682828556,0,C,C,1,brown,1
269,31,T1,Natural,883,16,9,2.6,3.6825349370203226,NA,C,NA,1,brown,1
270,60,T2,Low Shade,883,17,14,2.6,3.3385263089163293,0,C,C,1,brown,1
270,1,T0,Low Shade,883,17,14,2.6,3.239555365145287,0,C,C,1,brown,1
270,31,T1,Low Shade,883,17,14,2.6,3.2800616612986313,NA,C,NA,1,brown,1
271,1,T0,Medium Shade,883,14,8,2.6,5.468014340491739,0,C,C,1,brown,1
271,31,T1,Medium Shade,883,14,8,2.6,5.504635326072831,NA,C,NA,NA,brown,1
271,60,T2,Medium Shade,883,14,8,2.6,5.528648480530468,0,C,C,1,brown,1
272,60,T2,Medium Shade,869,14,8,2.3,3.840122018863083,0,C,C,2,brown,1
272,31,T1,Medium Shade,869,14,8,2.3,3.8099704973471398,NA,C,NA,NA,brown,1
272,0,T0,Medium Shade,869,14,8,2.3,3.7997980074885898,0,C,C,1,brown,1
273,60,T2,High Shade,869,17,16,2.3,6.199902549458025,NA,C,NA,2,brown,1
273,1,T0,High Shade,869,17,16,2.3,6.2040766041783595,0,C,C,1,brown,1
273,31,T1,High Shade,869,17,16,2.3,6.2204439212612925,NA,C,NA,1,brown,1
274,1,T0,Natural,869,16,9,2.3,5.805707700574553,0,C,C,1,brown,1
274,60,T2,Natural,869,16,9,2.3,8.525495220686869,0,C,C,1,brown,1
274,31,T1,Natural,869,16,9,2.3,8.101191715940988,NA,C,NA,1,brown,1
275,0,T0,Low Shade,869,13,2,2.3,3.7410357730543424,0,C,C,1,brown,1
275,31,T1,Low Shade,869,13,2,2.3,3.7937117250835297,NA,C,NA,2,brown,1
275,60,T2,Low Shade,869,13,2,2.3,3.864430178348693,0,C,C,1,brown,1
276,0,T0,High Shade,900,13,3,2.8,2.210201076414857,NA,C,NA,1,brown,1
276,31,T1,High Shade,900,13,3,2.8,2.212344030308732,NA,C,NA,5,brown,1
277,31,T1,Medium Shade,900,16,11,2.8,1.2558315342698823,NA,C,NA,2,brown,1
277,60,T2,Medium Shade,900,16,11,2.8,1.263861670707524,0,C,C,1,brown,1
277,0,T0,Medium Shade,900,16,11,2.8,1.241592391857787,NA,C,NA,1,brown,1
278,0,T0,Low Shade,900,14,6,2.8,1.7997714481066145,0,C,C,1,brown,1
278,31,T1,Low Shade,900,14,6,2.8,1.8321748415615717,NA,C,NA,1,brown,1
278,60,T2,Low Shade,900,14,6,2.8,1.8745590880119973,0,C,C,1,brown,1
279,0,T0,Natural,900,17,13,2.8,2.938283084154012,0,C,C,1,brown,1
279,60,T2,Natural,900,17,13,2.8,3.5509691905765557,NA,C,NA,1,brown,1
279,31,T1,Natural,900,17,13,2.8,3.106138716791346,NA,C,NA,1,brown,1
280,0,T0,Natural,853,13,1,3.2,3.8563723883022742,NA,C,NA,1,brown,1
280,31,T1,Natural,853,13,1,3.2,4.052546114897768,NA,C,NA,1,brown,1
280,60,T2,Natural,853,13,1,3.2,4.947900169961512,0,C,C,1,brown,1
283,60,T2,High Shade,858,16,12,2.4,1.854347448473895,0,C,C,1,brown,1
283,31,T1,High Shade,858,16,12,2.4,1.844323009862945,NA,C,NA,1,brown,1
283,1,T0,High Shade,858,16,12,2.4,1.846263673301269,0,C,C,1,brown,1
288,31,T1,Medium Shade,853,17,15,3.2,6.163794627565933,NA,C,NA,1,brown,1
288,60,T2,Medium Shade,853,17,15,3.2,6.177608901030108,0,C,C,1,brown,1
288,0,T0,Medium Shade,853,17,15,3.2,6.155493193532304,0,C,C,1,brown,1
