Site Name ,MARIAHO
Site Number ,2
Logger ,Integrating Light Sensor
Logger Serial Number ,10956


Scan No ,Date and Time,       Integrating Light,        ,
        ,        ,RAW VALUE ,CALIBRATED VALUE,

1,20/11/2017 , 15:15:00,217,217
2,20/11/2017 , 15:30:00,142,142
3,20/11/2017 , 15:45:00,226,226
4,20/11/2017 , 16:00:00,215,215
5,20/11/2017 , 16:15:00,142,142
6,20/11/2017 , 16:30:00,129,129
7,20/11/2017 , 16:45:00,223,223
8,20/11/2017 , 17:00:00,100,100
9,20/11/2017 , 17:15:00,37,37
10,20/11/2017 , 17:30:00,25,25
11,20/11/2017 , 17:45:00,11,11
12,20/11/2017 , 18:00:00,1,1
13,20/11/2017 , 18:15:00,0,0
14,20/11/2017 , 18:30:00,0,0
15,20/11/2017 , 18:45:00,0,0
16,20/11/2017 , 19:00:00,0,0
17,20/11/2017 , 19:15:00,0,0
18,20/11/2017 , 19:30:00,0,0
19,20/11/2017 , 19:45:00,0,0
20,20/11/2017 , 20:00:00,0,0
21,20/11/2017 , 20:15:00,0,0
22,20/11/2017 , 20:30:00,0,0
23,20/11/2017 , 20:45:00,0,0
24,20/11/2017 , 21:00:00,0,0
25,20/11/2017 , 21:15:00,0,0
26,20/11/2017 , 21:30:00,0,0
27,20/11/2017 , 21:45:00,0,0
28,20/11/2017 , 22:00:00,0,0
29,20/11/2017 , 22:15:00,0,0
30,20/11/2017 , 22:30:00,0,0
31,20/11/2017 , 22:45:00,0,0
32,20/11/2017 , 23:00:00,0,0
33,20/11/2017 , 23:15:00,0,0
34,20/11/2017 , 23:30:00,0,0
35,20/11/2017 , 23:45:00,0,0
36,20/11/2017 , 24:00:00,0,0
37,21/11/2017 , 00:15:00,0,0
38,21/11/2017 , 00:30:00,0,0
39,21/11/2017 , 00:45:00,0,0
40,21/11/2017 , 01:00:00,0,0
41,21/11/2017 , 01:15:00,0,0
42,21/11/2017 , 01:30:00,0,0
43,21/11/2017 , 01:45:00,0,0
44,21/11/2017 , 02:00:00,0,0
45,21/11/2017 , 02:15:00,0,0
46,21/11/2017 , 02:30:00,0,0
47,21/11/2017 , 02:45:00,0,0
48,21/11/2017 , 03:00:00,0,0
49,21/11/2017 , 03:15:00,0,0
50,21/11/2017 , 03:30:00,0,0
51,21/11/2017 , 03:45:00,0,0
52,21/11/2017 , 04:00:00,0,0
53,21/11/2017 , 04:15:00,0,0
54,21/11/2017 , 04:30:00,0,0
55,21/11/2017 , 04:45:00,0,0
56,21/11/2017 , 05:00:00,0,0
57,21/11/2017 , 05:15:00,0,0
58,21/11/2017 , 05:30:00,0,0
59,21/11/2017 , 05:45:00,0,0
60,21/11/2017 , 06:00:00,0,0
61,21/11/2017 , 06:15:00,0,0
62,21/11/2017 , 06:30:00,0,0
63,21/11/2017 , 06:45:00,0,0
64,21/11/2017 , 07:00:00,12,12
65,21/11/2017 , 07:15:00,32,32
66,21/11/2017 , 07:30:00,47,47
67,21/11/2017 , 07:45:00,63,63
68,21/11/2017 , 08:00:00,145,145
69,21/11/2017 , 08:15:00,178,178
70,21/11/2017 , 08:30:00,221,221
71,21/11/2017 , 08:45:00,227,227
72,21/11/2017 , 09:00:00,297,297
73,21/11/2017 , 09:15:00,322,322
74,21/11/2017 , 09:30:00,493,493
75,21/11/2017 , 09:45:00,506,506
76,21/11/2017 , 10:00:00,492,492
77,21/11/2017 , 10:15:00,688,688
78,21/11/2017 , 10:30:00,937,937
79,21/11/2017 , 10:45:00,828,828
80,21/11/2017 , 11:00:00,518,518
81,21/11/2017 , 11:15:00,499,499
82,21/11/2017 , 11:30:00,579,579
83,21/11/2017 , 11:45:00,801,801
84,21/11/2017 , 12:00:00,994,994
85,21/11/2017 , 12:15:00,858,858
86,21/11/2017 , 12:30:00,1121,1121
87,21/11/2017 , 12:45:00,1435,1435
88,21/11/2017 , 13:00:00,1246,1246
89,21/11/2017 , 13:15:00,1284,1284
90,21/11/2017 , 13:30:00,1166,1166
91,21/11/2017 , 13:45:00,994,994
92,21/11/2017 , 14:00:00,771,771
93,21/11/2017 , 14:15:00,753,753
94,21/11/2017 , 14:30:00,657,657
95,21/11/2017 , 14:45:00,771,771
96,21/11/2017 , 15:00:00,403,403
97,21/11/2017 , 15:15:00,214,214
98,21/11/2017 , 15:30:00,132,132
99,21/11/2017 , 15:45:00,199,199
100,21/11/2017 , 16:00:00,153,153
101,21/11/2017 , 16:15:00,169,169
102,21/11/2017 , 16:30:00,79,79
103,21/11/2017 , 16:45:00,67,67
104,21/11/2017 , 17:00:00,62,62
105,21/11/2017 , 17:15:00,49,49
106,21/11/2017 , 17:30:00,22,22
107,21/11/2017 , 17:45:00,12,12
108,21/11/2017 , 18:00:00,1,1
109,21/11/2017 , 18:15:00,0,0
110,21/11/2017 , 18:30:00,0,0
111,21/11/2017 , 18:45:00,0,0
112,21/11/2017 , 19:00:00,0,0
113,21/11/2017 , 19:15:00,0,0
114,21/11/2017 , 19:30:00,0,0
115,21/11/2017 , 19:45:00,0,0
116,21/11/2017 , 20:00:00,0,0
117,21/11/2017 , 20:15:00,0,0
118,21/11/2017 , 20:30:00,0,0
119,21/11/2017 , 20:45:00,0,0
120,21/11/2017 , 21:00:00,0,0
121,21/11/2017 , 21:15:00,0,0
122,21/11/2017 , 21:30:00,0,0
123,21/11/2017 , 21:45:00,0,0
124,21/11/2017 , 22:00:00,0,0
125,21/11/2017 , 22:15:00,0,0
126,21/11/2017 , 22:30:00,0,0
127,21/11/2017 , 22:45:00,0,0
128,21/11/2017 , 23:00:00,0,0
129,21/11/2017 , 23:15:00,0,0
130,21/11/2017 , 23:30:00,0,0
131,21/11/2017 , 23:45:00,0,0
132,21/11/2017 , 24:00:00,0,0
133,22/11/2017 , 00:15:00,0,0
134,22/11/2017 , 00:30:00,0,0
135,22/11/2017 , 00:45:00,0,0
136,22/11/2017 , 01:00:00,0,0
137,22/11/2017 , 01:15:00,0,0
138,22/11/2017 , 01:30:00,0,0
139,22/11/2017 , 01:45:00,0,0
140,22/11/2017 , 02:00:00,0,0
141,22/11/2017 , 02:15:00,0,0
142,22/11/2017 , 02:30:00,0,0
143,22/11/2017 , 02:45:00,0,0
144,22/11/2017 , 03:00:00,0,0
145,22/11/2017 , 03:15:00,0,0
146,22/11/2017 , 03:30:00,0,0
147,22/11/2017 , 03:45:00,0,0
148,22/11/2017 , 04:00:00,0,0
149,22/11/2017 , 04:15:00,0,0
150,22/11/2017 , 04:30:00,0,0
151,22/11/2017 , 04:45:00,0,0
152,22/11/2017 , 05:00:00,0,0
153,22/11/2017 , 05:15:00,0,0
154,22/11/2017 , 05:30:00,0,0
155,22/11/2017 , 05:45:00,0,0
156,22/11/2017 , 06:00:00,0,0
157,22/11/2017 , 06:15:00,0,0
158,22/11/2017 , 06:30:00,0,0
159,22/11/2017 , 06:45:00,0,0
160,22/11/2017 , 07:00:00,6,6
161,22/11/2017 , 07:15:00,21,21
162,22/11/2017 , 07:30:00,34,34
163,22/11/2017 , 07:45:00,40,40
164,22/11/2017 , 08:00:00,69,69
165,22/11/2017 , 08:15:00,154,154
166,22/11/2017 , 08:30:00,202,202
167,22/11/2017 , 08:45:00,264,264
168,22/11/2017 , 09:00:00,188,188
169,22/11/2017 , 09:15:00,537,537
170,22/11/2017 , 09:30:00,393,393
171,22/11/2017 , 09:45:00,211,211
172,22/11/2017 , 10:00:00,667,667
173,22/11/2017 , 10:15:00,500,500
174,22/11/2017 , 10:30:00,278,278
175,22/11/2017 , 10:45:00,388,388
176,22/11/2017 , 11:00:00,616,616
177,22/11/2017 , 11:15:00,577,577
178,22/11/2017 , 11:30:00,658,658
179,22/11/2017 , 11:45:00,496,496
180,22/11/2017 , 12:00:00,474,474
181,22/11/2017 , 12:15:00,590,590
182,22/11/2017 , 12:30:00,952,952
183,22/11/2017 , 12:45:00,706,706
184,22/11/2017 , 13:00:00,587,587
185,22/11/2017 , 13:15:00,661,661
186,22/11/2017 , 13:30:00,521,521
187,22/11/2017 , 13:45:00,470,470
188,22/11/2017 , 14:00:00,570,570
189,22/11/2017 , 14:15:00,607,607
190,22/11/2017 , 14:30:00,539,539
191,22/11/2017 , 14:45:00,725,725
192,22/11/2017 , 15:00:00,517,517
193,22/11/2017 , 15:15:00,447,447
194,22/11/2017 , 15:30:00,213,213
195,22/11/2017 , 15:45:00,291,291
196,22/11/2017 , 16:00:00,275,275
197,22/11/2017 , 16:15:00,178,178
198,22/11/2017 , 16:30:00,108,108
199,22/11/2017 , 16:45:00,121,121
200,22/11/2017 , 17:00:00,143,143
201,22/11/2017 , 17:15:00,80,80
202,22/11/2017 , 17:30:00,58,58
203,22/11/2017 , 17:45:00,20,20
204,22/11/2017 , 18:00:00,1,1
205,22/11/2017 , 18:15:00,0,0
206,22/11/2017 , 18:30:00,0,0
207,22/11/2017 , 18:45:00,0,0
208,22/11/2017 , 19:00:00,0,0
209,22/11/2017 , 19:15:00,0,0
210,22/11/2017 , 19:30:00,0,0
211,22/11/2017 , 19:45:00,0,0
212,22/11/2017 , 20:00:00,0,0
213,22/11/2017 , 20:15:00,0,0
214,22/11/2017 , 20:30:00,0,0
215,22/11/2017 , 20:45:00,0,0
216,22/11/2017 , 21:00:00,0,0
217,22/11/2017 , 21:15:00,0,0
218,22/11/2017 , 21:30:00,0,0
219,22/11/2017 , 21:45:00,0,0
220,22/11/2017 , 22:00:00,0,0
221,22/11/2017 , 22:15:00,0,0
222,22/11/2017 , 22:30:00,0,0
223,22/11/2017 , 22:45:00,0,0
224,22/11/2017 , 23:00:00,0,0
225,22/11/2017 , 23:15:00,0,0
226,22/11/2017 , 23:30:00,0,0
227,22/11/2017 , 23:45:00,0,0
228,22/11/2017 , 24:00:00,0,0
229,23/11/2017 , 00:15:00,0,0
230,23/11/2017 , 00:30:00,0,0
231,23/11/2017 , 00:45:00,0,0
232,23/11/2017 , 01:00:00,0,0
233,23/11/2017 , 01:15:00,0,0
234,23/11/2017 , 01:30:00,0,0
235,23/11/2017 , 01:45:00,0,0
236,23/11/2017 , 02:00:00,0,0
237,23/11/2017 , 02:15:00,0,0
238,23/11/2017 , 02:30:00,0,0
239,23/11/2017 , 02:45:00,0,0
240,23/11/2017 , 03:00:00,0,0
241,23/11/2017 , 03:15:00,0,0
242,23/11/2017 , 03:30:00,0,0
243,23/11/2017 , 03:45:00,0,0
244,23/11/2017 , 04:00:00,0,0
245,23/11/2017 , 04:15:00,0,0
246,23/11/2017 , 04:30:00,0,0
247,23/11/2017 , 04:45:00,0,0
248,23/11/2017 , 05:00:00,0,0
249,23/11/2017 , 05:15:00,0,0
250,23/11/2017 , 05:30:00,0,0
251,23/11/2017 , 05:45:00,0,0
252,23/11/2017 , 06:00:00,0,0
253,23/11/2017 , 06:15:00,0,0
254,23/11/2017 , 06:30:00,0,0
255,23/11/2017 , 06:45:00,0,0
256,23/11/2017 , 07:00:00,7,7
257,23/11/2017 , 07:15:00,27,27
258,23/11/2017 , 07:30:00,41,41
259,23/11/2017 , 07:45:00,96,96
260,23/11/2017 , 08:00:00,95,95
261,23/11/2017 , 08:15:00,95,95
262,23/11/2017 , 08:30:00,178,178
263,23/11/2017 , 08:45:00,148,148
264,23/11/2017 , 09:00:00,242,242
265,23/11/2017 , 09:15:00,402,402
266,23/11/2017 , 09:30:00,409,409
267,23/11/2017 , 09:45:00,468,468
268,23/11/2017 , 10:00:00,340,340
269,23/11/2017 , 10:15:00,432,432
270,23/11/2017 , 10:30:00,479,479
271,23/11/2017 , 10:45:00,371,371
272,23/11/2017 , 11:00:00,501,501
273,23/11/2017 , 11:15:00,546,546
274,23/11/2017 , 11:30:00,539,539
275,23/11/2017 , 11:45:00,899,899
276,23/11/2017 , 12:00:00,1091,1091
277,23/11/2017 , 12:15:00,937,937
278,23/11/2017 , 12:30:00,1116,1116
279,23/11/2017 , 12:45:00,1198,1198
280,23/11/2017 , 13:00:00,1222,1222
281,23/11/2017 , 13:15:00,575,575
282,23/11/2017 , 13:30:00,335,335
283,23/11/2017 , 13:45:00,472,472
284,23/11/2017 , 14:00:00,520,520
285,23/11/2017 , 14:15:00,583,583
286,23/11/2017 , 14:30:00,536,536
287,23/11/2017 , 14:45:00,460,460
288,23/11/2017 , 15:00:00,345,345
289,23/11/2017 , 15:15:00,308,308
290,23/11/2017 , 15:30:00,279,279
291,23/11/2017 , 15:45:00,194,194
292,23/11/2017 , 16:00:00,184,184
293,23/11/2017 , 16:15:00,151,151
294,23/11/2017 , 16:30:00,136,136
295,23/11/2017 , 16:45:00,84,84
296,23/11/2017 , 17:00:00,66,66
297,23/11/2017 , 17:15:00,50,50
298,23/11/2017 , 17:30:00,27,27
299,23/11/2017 , 17:45:00,6,6
300,23/11/2017 , 18:00:00,1,1
301,23/11/2017 , 18:15:00,0,0
302,23/11/2017 , 18:30:00,0,0
303,23/11/2017 , 18:45:00,0,0
304,23/11/2017 , 19:00:00,0,0
305,23/11/2017 , 19:15:00,0,0
306,23/11/2017 , 19:30:00,0,0
307,23/11/2017 , 19:45:00,0,0
308,23/11/2017 , 20:00:00,0,0
309,23/11/2017 , 20:15:00,0,0
310,23/11/2017 , 20:30:00,0,0
311,23/11/2017 , 20:45:00,0,0
312,23/11/2017 , 21:00:00,0,0
313,23/11/2017 , 21:15:00,0,0
314,23/11/2017 , 21:30:00,0,0
315,23/11/2017 , 21:45:00,0,0
316,23/11/2017 , 22:00:00,0,0
317,23/11/2017 , 22:15:00,0,0
318,23/11/2017 , 22:30:00,0,0
319,23/11/2017 , 22:45:00,0,0
320,23/11/2017 , 23:00:00,0,0
321,23/11/2017 , 23:15:00,0,0
322,23/11/2017 , 23:30:00,0,0
323,23/11/2017 , 23:45:00,0,0
324,23/11/2017 , 24:00:00,0,0
325,24/11/2017 , 00:15:00,0,0
326,24/11/2017 , 00:30:00,0,0
327,24/11/2017 , 00:45:00,0,0
328,24/11/2017 , 01:00:00,0,0
329,24/11/2017 , 01:15:00,0,0
330,24/11/2017 , 01:30:00,0,0
331,24/11/2017 , 01:45:00,0,0
332,24/11/2017 , 02:00:00,0,0
333,24/11/2017 , 02:15:00,0,0
334,24/11/2017 , 02:30:00,0,0
335,24/11/2017 , 02:45:00,0,0
336,24/11/2017 , 03:00:00,0,0
337,24/11/2017 , 03:15:00,0,0
338,24/11/2017 , 03:30:00,0,0
339,24/11/2017 , 03:45:00,0,0
340,24/11/2017 , 04:00:00,0,0
341,24/11/2017 , 04:15:00,0,0
342,24/11/2017 , 04:30:00,0,0
343,24/11/2017 , 04:45:00,0,0
344,24/11/2017 , 05:00:00,0,0
345,24/11/2017 , 05:15:00,0,0
346,24/11/2017 , 05:30:00,0,0
347,24/11/2017 , 05:45:00,0,0
348,24/11/2017 , 06:00:00,0,0
349,24/11/2017 , 06:15:00,0,0
350,24/11/2017 , 06:30:00,0,0
351,24/11/2017 , 06:45:00,0,0
352,24/11/2017 , 07:00:00,5,5
353,24/11/2017 , 07:15:00,25,25
354,24/11/2017 , 07:30:00,56,56
355,24/11/2017 , 07:45:00,85,85
356,24/11/2017 , 08:00:00,46,46
357,24/11/2017 , 08:15:00,168,168
358,24/11/2017 , 08:30:00,130,130
359,24/11/2017 , 08:45:00,228,228
360,24/11/2017 , 09:00:00,307,307
361,24/11/2017 , 09:15:00,313,313
362,24/11/2017 , 09:30:00,329,329
363,24/11/2017 , 09:45:00,518,518
364,24/11/2017 , 10:00:00,622,622
365,24/11/2017 , 10:15:00,707,707
366,24/11/2017 , 10:30:00,827,827
367,24/11/2017 , 10:45:00,754,754
368,24/11/2017 , 11:00:00,789,789
369,24/11/2017 , 11:15:00,741,741
370,24/11/2017 , 11:30:00,623,623
371,24/11/2017 , 11:45:00,684,684
372,24/11/2017 , 12:00:00,525,525
373,24/11/2017 , 12:15:00,707,707
374,24/11/2017 , 12:30:00,1175,1175
375,24/11/2017 , 12:45:00,863,863
376,24/11/2017 , 13:00:00,731,731
377,24/11/2017 , 13:15:00,951,951
378,24/11/2017 , 13:30:00,782,782
379,24/11/2017 , 13:45:00,875,875
380,24/11/2017 , 14:00:00,631,631
381,24/11/2017 , 14:15:00,385,385
382,24/11/2017 , 14:30:00,428,428
383,24/11/2017 , 14:45:00,592,592
384,24/11/2017 , 15:00:00,460,460
385,24/11/2017 , 15:15:00,290,290
386,24/11/2017 , 15:30:00,421,421
387,24/11/2017 , 15:45:00,269,269
388,24/11/2017 , 16:00:00,238,238
389,24/11/2017 , 16:15:00,163,163
390,24/11/2017 , 16:30:00,149,149
391,24/11/2017 , 16:45:00,121,121
392,24/11/2017 , 17:00:00,63,63
393,24/11/2017 , 17:15:00,61,61
394,24/11/2017 , 17:30:00,35,35
395,24/11/2017 , 17:45:00,10,10
396,24/11/2017 , 18:00:00,1,1
397,24/11/2017 , 18:15:00,0,0
398,24/11/2017 , 18:30:00,0,0
399,24/11/2017 , 18:45:00,0,0
400,24/11/2017 , 19:00:00,0,0
401,24/11/2017 , 19:15:00,0,0
402,24/11/2017 , 19:30:00,0,0
403,24/11/2017 , 19:45:00,0,0
404,24/11/2017 , 20:00:00,0,0
405,24/11/2017 , 20:15:00,0,0
406,24/11/2017 , 20:30:00,0,0
407,24/11/2017 , 20:45:00,0,0
408,24/11/2017 , 21:00:00,0,0
409,24/11/2017 , 21:15:00,0,0
410,24/11/2017 , 21:30:00,0,0
411,24/11/2017 , 21:45:00,0,0
412,24/11/2017 , 22:00:00,0,0
413,24/11/2017 , 22:15:00,0,0
414,24/11/2017 , 22:30:00,0,0
415,24/11/2017 , 22:45:00,0,0
416,24/11/2017 , 23:00:00,0,0
417,24/11/2017 , 23:15:00,0,0
418,24/11/2017 , 23:30:00,0,0
419,24/11/2017 , 23:45:00,0,0
420,24/11/2017 , 24:00:00,0,0
421,25/11/2017 , 00:15:00,0,0
422,25/11/2017 , 00:30:00,0,0
423,25/11/2017 , 00:45:00,0,0
424,25/11/2017 , 01:00:00,0,0
425,25/11/2017 , 01:15:00,0,0
426,25/11/2017 , 01:30:00,0,0
427,25/11/2017 , 01:45:00,0,0
428,25/11/2017 , 02:00:00,0,0
429,25/11/2017 , 02:15:00,0,0
430,25/11/2017 , 02:30:00,0,0
431,25/11/2017 , 02:45:00,0,0
432,25/11/2017 , 03:00:00,0,0
433,25/11/2017 , 03:15:00,0,0
434,25/11/2017 , 03:30:00,0,0
435,25/11/2017 , 03:45:00,0,0
436,25/11/2017 , 04:00:00,0,0
437,25/11/2017 , 04:15:00,0,0
438,25/11/2017 , 04:30:00,0,0
439,25/11/2017 , 04:45:00,0,0
440,25/11/2017 , 05:00:00,0,0
441,25/11/2017 , 05:15:00,0,0
442,25/11/2017 , 05:30:00,0,0
443,25/11/2017 , 05:45:00,0,0
444,25/11/2017 , 06:00:00,0,0
445,25/11/2017 , 06:15:00,0,0
446,25/11/2017 , 06:30:00,0,0
447,25/11/2017 , 06:45:00,0,0
448,25/11/2017 , 07:00:00,4,4
449,25/11/2017 , 07:15:00,14,14
450,25/11/2017 , 07:30:00,67,67
451,25/11/2017 , 07:45:00,46,46
452,25/11/2017 , 08:00:00,119,119
453,25/11/2017 , 08:15:00,80,80
454,25/11/2017 , 08:30:00,132,132
455,25/11/2017 , 08:45:00,220,220
456,25/11/2017 , 09:00:00,254,254
457,25/11/2017 , 09:15:00,278,278
458,25/11/2017 , 09:30:00,406,406
459,25/11/2017 , 09:45:00,465,465
460,25/11/2017 , 10:00:00,509,509
461,25/11/2017 , 10:15:00,526,526
462,25/11/2017 , 10:30:00,775,775
463,25/11/2017 , 10:45:00,415,415
464,25/11/2017 , 11:00:00,550,550
465,25/11/2017 , 11:15:00,493,493
466,25/11/2017 , 11:30:00,704,704
467,25/11/2017 , 11:45:00,420,420
468,25/11/2017 , 12:00:00,627,627
469,25/11/2017 , 12:15:00,469,469
470,25/11/2017 , 12:30:00,377,377
471,25/11/2017 , 12:45:00,463,463
472,25/11/2017 , 13:00:00,414,414
473,25/11/2017 , 13:15:00,497,497
474,25/11/2017 , 13:30:00,370,370
475,25/11/2017 , 13:45:00,324,324
476,25/11/2017 , 14:00:00,293,293
477,25/11/2017 , 14:15:00,366,366
478,25/11/2017 , 14:30:00,281,281
479,25/11/2017 , 14:45:00,310,310
480,25/11/2017 , 15:00:00,295,295
481,25/11/2017 , 15:15:00,280,280
482,25/11/2017 , 15:30:00,173,173
483,25/11/2017 , 15:45:00,82,82
484,25/11/2017 , 16:00:00,147,147
485,25/11/2017 , 16:15:00,128,128
486,25/11/2017 , 16:30:00,99,99
487,25/11/2017 , 16:45:00,84,84
488,25/11/2017 , 17:00:00,38,38
489,25/11/2017 , 17:15:00,22,22
490,25/11/2017 , 17:30:00,12,12
491,25/11/2017 , 17:45:00,5,5
492,25/11/2017 , 18:00:00,0,0
493,25/11/2017 , 18:15:00,0,0
494,25/11/2017 , 18:30:00,0,0
495,25/11/2017 , 18:45:00,0,0
496,25/11/2017 , 19:00:00,0,0
497,25/11/2017 , 19:15:00,0,0
498,25/11/2017 , 19:30:00,0,0
499,25/11/2017 , 19:45:00,0,0
500,25/11/2017 , 20:00:00,0,0
501,25/11/2017 , 20:15:00,0,0
502,25/11/2017 , 20:30:00,0,0
503,25/11/2017 , 20:45:00,0,0
504,25/11/2017 , 21:00:00,0,0
505,25/11/2017 , 21:15:00,0,0
506,25/11/2017 , 21:30:00,0,0
507,25/11/2017 , 21:45:00,0,0
508,25/11/2017 , 22:00:00,0,0
509,25/11/2017 , 22:15:00,0,0
510,25/11/2017 , 22:30:00,0,0
511,25/11/2017 , 22:45:00,0,0
512,25/11/2017 , 23:00:00,0,0
513,25/11/2017 , 23:15:00,0,0
514,25/11/2017 , 23:30:00,0,0
515,25/11/2017 , 23:45:00,0,0
516,25/11/2017 , 24:00:00,0,0
517,26/11/2017 , 00:15:00,0,0
518,26/11/2017 , 00:30:00,0,0
519,26/11/2017 , 00:45:00,0,0
520,26/11/2017 , 01:00:00,0,0
521,26/11/2017 , 01:15:00,0,0
522,26/11/2017 , 01:30:00,0,0
523,26/11/2017 , 01:45:00,0,0
524,26/11/2017 , 02:00:00,0,0
525,26/11/2017 , 02:15:00,0,0
526,26/11/2017 , 02:30:00,0,0
527,26/11/2017 , 02:45:00,0,0
528,26/11/2017 , 03:00:00,0,0
529,26/11/2017 , 03:15:00,0,0
530,26/11/2017 , 03:30:00,0,0
531,26/11/2017 , 03:45:00,0,0
532,26/11/2017 , 04:00:00,0,0
533,26/11/2017 , 04:15:00,0,0
534,26/11/2017 , 04:30:00,0,0
535,26/11/2017 , 04:45:00,0,0
536,26/11/2017 , 05:00:00,0,0
537,26/11/2017 , 05:15:00,0,0
538,26/11/2017 , 05:30:00,0,0
539,26/11/2017 , 05:45:00,0,0
540,26/11/2017 , 06:00:00,0,0
541,26/11/2017 , 06:15:00,0,0
542,26/11/2017 , 06:30:00,0,0
543,26/11/2017 , 06:45:00,0,0
544,26/11/2017 , 07:00:00,2,2
545,26/11/2017 , 07:15:00,34,34
546,26/11/2017 , 07:30:00,45,45
547,26/11/2017 , 07:45:00,50,50
548,26/11/2017 , 08:00:00,112,112
549,26/11/2017 , 08:15:00,206,206
550,26/11/2017 , 08:30:00,166,166
551,26/11/2017 , 08:45:00,229,229
552,26/11/2017 , 09:00:00,198,198
553,26/11/2017 , 09:15:00,181,181
554,26/11/2017 , 09:30:00,294,294
555,26/11/2017 , 09:45:00,291,291
556,26/11/2017 , 10:00:00,581,581
557,26/11/2017 , 10:15:00,694,694
558,26/11/2017 , 10:30:00,552,552
559,26/11/2017 , 10:45:00,413,413
560,26/11/2017 , 11:00:00,251,251
561,26/11/2017 , 11:15:00,294,294
562,26/11/2017 , 11:30:00,263,263
563,26/11/2017 , 11:45:00,525,525
564,26/11/2017 , 12:00:00,737,737
565,26/11/2017 , 12:15:00,560,560
566,26/11/2017 , 12:30:00,676,676
567,26/11/2017 , 12:45:00,1107,1107
568,26/11/2017 , 13:00:00,990,990
569,26/11/2017 , 13:15:00,855,855
570,26/11/2017 , 13:30:00,836,836
571,26/11/2017 , 13:45:00,675,675
572,26/11/2017 , 14:00:00,554,554
573,26/11/2017 , 14:15:00,534,534
574,26/11/2017 , 14:30:00,367,367
575,26/11/2017 , 14:45:00,430,430
576,26/11/2017 , 15:00:00,484,484
577,26/11/2017 , 15:15:00,325,325
578,26/11/2017 , 15:30:00,253,253
579,26/11/2017 , 15:45:00,247,247
580,26/11/2017 , 16:00:00,216,216
581,26/11/2017 , 16:15:00,103,103
582,26/11/2017 , 16:30:00,116,116
583,26/11/2017 , 16:45:00,77,77
584,26/11/2017 , 17:00:00,73,73
585,26/11/2017 , 17:15:00,36,36
586,26/11/2017 , 17:30:00,20,20
587,26/11/2017 , 17:45:00,6,6
588,26/11/2017 , 18:00:00,0,0
589,26/11/2017 , 18:15:00,0,0
590,26/11/2017 , 18:30:00,0,0
591,26/11/2017 , 18:45:00,0,0
592,26/11/2017 , 19:00:00,0,0
593,26/11/2017 , 19:15:00,0,0
594,26/11/2017 , 19:30:00,0,0
595,26/11/2017 , 19:45:00,0,0
596,26/11/2017 , 20:00:00,0,0
597,26/11/2017 , 20:15:00,0,0
598,26/11/2017 , 20:30:00,0,0
599,26/11/2017 , 20:45:00,0,0
600,26/11/2017 , 21:00:00,0,0
601,26/11/2017 , 21:15:00,0,0
602,26/11/2017 , 21:30:00,0,0
603,26/11/2017 , 21:45:00,0,0
604,26/11/2017 , 22:00:00,0,0
605,26/11/2017 , 22:15:00,0,0
606,26/11/2017 , 22:30:00,0,0
607,26/11/2017 , 22:45:00,0,0
608,26/11/2017 , 23:00:00,0,0
609,26/11/2017 , 23:15:00,0,0
610,26/11/2017 , 23:30:00,0,0
611,26/11/2017 , 23:45:00,0,0
612,26/11/2017 , 24:00:00,0,0
613,27/11/2017 , 00:15:00,0,0
614,27/11/2017 , 00:30:00,0,0
615,27/11/2017 , 00:45:00,0,0
616,27/11/2017 , 01:00:00,0,0
617,27/11/2017 , 01:15:00,0,0
618,27/11/2017 , 01:30:00,0,0
619,27/11/2017 , 01:45:00,0,0
620,27/11/2017 , 02:00:00,0,0
621,27/11/2017 , 02:15:00,0,0
622,27/11/2017 , 02:30:00,0,0
623,27/11/2017 , 02:45:00,0,0
624,27/11/2017 , 03:00:00,0,0
625,27/11/2017 , 03:15:00,0,0
626,27/11/2017 , 03:30:00,0,0
627,27/11/2017 , 03:45:00,0,0
628,27/11/2017 , 04:00:00,0,0
629,27/11/2017 , 04:15:00,0,0
630,27/11/2017 , 04:30:00,0,0
631,27/11/2017 , 04:45:00,0,0
632,27/11/2017 , 05:00:00,0,0
633,27/11/2017 , 05:15:00,0,0
634,27/11/2017 , 05:30:00,0,0
635,27/11/2017 , 05:45:00,0,0
636,27/11/2017 , 06:00:00,0,0
637,27/11/2017 , 06:15:00,0,0
638,27/11/2017 , 06:30:00,0,0
639,27/11/2017 , 06:45:00,0,0
640,27/11/2017 , 07:00:00,0,0
641,27/11/2017 , 07:15:00,3,3
642,27/11/2017 , 07:30:00,5,5
643,27/11/2017 , 07:45:00,19,19
644,27/11/2017 , 08:00:00,35,35
645,27/11/2017 , 08:15:00,52,52
646,27/11/2017 , 08:30:00,62,62
647,27/11/2017 , 08:45:00,132,132
648,27/11/2017 , 09:00:00,149,149
649,27/11/2017 , 09:15:00,205,205
650,27/11/2017 , 09:30:00,195,195
651,27/11/2017 , 09:45:00,140,140
652,27/11/2017 , 10:00:00,188,188
653,27/11/2017 , 10:15:00,203,203
654,27/11/2017 , 10:30:00,291,291
655,27/11/2017 , 10:45:00,241,241
656,27/11/2017 , 11:00:00,194,194
657,27/11/2017 , 11:15:00,222,222
658,27/11/2017 , 11:30:00,164,164
659,27/11/2017 , 11:45:00,200,200
660,27/11/2017 , 12:00:00,314,314
661,27/11/2017 , 12:15:00,224,224
662,27/11/2017 , 12:30:00,238,238
663,27/11/2017 , 12:45:00,317,317
664,27/11/2017 , 13:00:00,474,474
665,27/11/2017 , 13:15:00,347,347
666,27/11/2017 , 13:30:00,274,274
667,27/11/2017 , 13:45:00,269,269
668,27/11/2017 , 14:00:00,139,139
669,27/11/2017 , 14:15:00,119,119
670,27/11/2017 , 14:30:00,193,193
671,27/11/2017 , 14:45:00,182,182
672,27/11/2017 , 15:00:00,117,117
673,27/11/2017 , 15:15:00,104,104
674,27/11/2017 , 15:30:00,105,105
675,27/11/2017 , 15:45:00,86,86
676,27/11/2017 , 16:00:00,117,117
677,27/11/2017 , 16:15:00,92,92
678,27/11/2017 , 16:30:00,76,76
679,27/11/2017 , 16:45:00,36,36
680,27/11/2017 , 17:00:00,47,47
681,27/11/2017 , 17:15:00,49,49
682,27/11/2017 , 17:30:00,24,24
683,27/11/2017 , 17:45:00,2,2
684,27/11/2017 , 18:00:00,0,0
685,27/11/2017 , 18:15:00,0,0
686,27/11/2017 , 18:30:00,0,0
687,27/11/2017 , 18:45:00,0,0
688,27/11/2017 , 19:00:00,0,0
689,27/11/2017 , 19:15:00,0,0
690,27/11/2017 , 19:30:00,0,0
691,27/11/2017 , 19:45:00,0,0
692,27/11/2017 , 20:00:00,0,0
693,27/11/2017 , 20:15:00,0,0
694,27/11/2017 , 20:30:00,0,0
695,27/11/2017 , 20:45:00,0,0
696,27/11/2017 , 21:00:00,0,0
697,27/11/2017 , 21:15:00,0,0
698,27/11/2017 , 21:30:00,0,0
699,27/11/2017 , 21:45:00,0,0
700,27/11/2017 , 22:00:00,0,0
701,27/11/2017 , 22:15:00,0,0
702,27/11/2017 , 22:30:00,0,0
703,27/11/2017 , 22:45:00,0,0
704,27/11/2017 , 23:00:00,0,0
705,27/11/2017 , 23:15:00,0,0
706,27/11/2017 , 23:30:00,0,0
707,27/11/2017 , 23:45:00,0,0
708,27/11/2017 , 24:00:00,0,0
709,28/11/2017 , 00:15:00,0,0
710,28/11/2017 , 00:30:00,0,0
711,28/11/2017 , 00:45:00,0,0
712,28/11/2017 , 01:00:00,0,0
713,28/11/2017 , 01:15:00,0,0
714,28/11/2017 , 01:30:00,0,0
715,28/11/2017 , 01:45:00,0,0
716,28/11/2017 , 02:00:00,0,0
717,28/11/2017 , 02:15:00,0,0
718,28/11/2017 , 02:30:00,0,0
719,28/11/2017 , 02:45:00,0,0
720,28/11/2017 , 03:00:00,0,0
721,28/11/2017 , 03:15:00,0,0
722,28/11/2017 , 03:30:00,0,0
723,28/11/2017 , 03:45:00,0,0
724,28/11/2017 , 04:00:00,0,0
725,28/11/2017 , 04:15:00,0,0
726,28/11/2017 , 04:30:00,0,0
727,28/11/2017 , 04:45:00,0,0
728,28/11/2017 , 05:00:00,0,0
729,28/11/2017 , 05:15:00,0,0
730,28/11/2017 , 05:30:00,0,0
731,28/11/2017 , 05:45:00,0,0
732,28/11/2017 , 06:00:00,0,0
733,28/11/2017 , 06:15:00,0,0
734,28/11/2017 , 06:30:00,0,0
735,28/11/2017 , 06:45:00,0,0
736,28/11/2017 , 07:00:00,0,0
737,28/11/2017 , 07:15:00,7,7
738,28/11/2017 , 07:30:00,29,29
739,28/11/2017 , 07:45:00,51,51
740,28/11/2017 , 08:00:00,55,55
741,28/11/2017 , 08:15:00,115,115
742,28/11/2017 , 08:30:00,91,91
743,28/11/2017 , 08:45:00,158,158
744,28/11/2017 , 09:00:00,193,193
745,28/11/2017 , 09:15:00,197,197
746,28/11/2017 , 09:30:00,123,123
747,28/11/2017 , 09:45:00,261,261
748,28/11/2017 , 10:00:00,154,154
749,28/11/2017 , 10:15:00,259,259
750,28/11/2017 , 10:30:00,283,283
751,28/11/2017 , 10:45:00,360,360
752,28/11/2017 , 11:00:00,143,143
753,28/11/2017 , 11:15:00,212,212
754,28/11/2017 , 11:30:00,237,237
755,28/11/2017 , 11:45:00,193,193
756,28/11/2017 , 12:00:00,258,258
757,28/11/2017 , 12:15:00,189,189
758,28/11/2017 , 12:30:00,145,145
759,28/11/2017 , 12:45:00,177,177
760,28/11/2017 , 13:00:00,306,306
761,28/11/2017 , 13:15:00,295,295
762,28/11/2017 , 13:30:00,315,315
763,28/11/2017 , 13:45:00,333,333
764,28/11/2017 , 14:00:00,346,346
765,28/11/2017 , 14:15:00,226,226
766,28/11/2017 , 14:30:00,291,291
767,28/11/2017 , 14:45:00,260,260
768,28/11/2017 , 15:00:00,190,190
769,28/11/2017 , 15:15:00,168,168
770,28/11/2017 , 15:30:00,180,180
771,28/11/2017 , 15:45:00,148,148
772,28/11/2017 , 16:00:00,167,167
773,28/11/2017 , 16:15:00,99,99
774,28/11/2017 , 16:30:00,85,85
775,28/11/2017 , 16:45:00,57,57
776,28/11/2017 , 17:00:00,36,36
777,28/11/2017 , 17:15:00,32,32
778,28/11/2017 , 17:30:00,13,13
779,28/11/2017 , 17:45:00,2,2
780,28/11/2017 , 18:00:00,0,0
781,28/11/2017 , 18:15:00,0,0
782,28/11/2017 , 18:30:00,0,0
783,28/11/2017 , 18:45:00,0,0
784,28/11/2017 , 19:00:00,0,0
785,28/11/2017 , 19:15:00,0,0
786,28/11/2017 , 19:30:00,0,0
787,28/11/2017 , 19:45:00,0,0
788,28/11/2017 , 20:00:00,0,0
789,28/11/2017 , 20:15:00,0,0
790,28/11/2017 , 20:30:00,0,0
791,28/11/2017 , 20:45:00,0,0
792,28/11/2017 , 21:00:00,0,0
793,28/11/2017 , 21:15:00,0,0
794,28/11/2017 , 21:30:00,0,0
795,28/11/2017 , 21:45:00,0,0
796,28/11/2017 , 22:00:00,0,0
797,28/11/2017 , 22:15:00,0,0
798,28/11/2017 , 22:30:00,0,0
799,28/11/2017 , 22:45:00,0,0
800,28/11/2017 , 23:00:00,0,0
801,28/11/2017 , 23:15:00,0,0
802,28/11/2017 , 23:30:00,0,0
803,28/11/2017 , 23:45:00,0,0
804,28/11/2017 , 24:00:00,0,0
805,29/11/2017 , 00:15:00,0,0
806,29/11/2017 , 00:30:00,0,0
807,29/11/2017 , 00:45:00,0,0
808,29/11/2017 , 01:00:00,0,0
809,29/11/2017 , 01:15:00,0,0
810,29/11/2017 , 01:30:00,0,0
811,29/11/2017 , 01:45:00,0,0
812,29/11/2017 , 02:00:00,0,0
813,29/11/2017 , 02:15:00,0,0
814,29/11/2017 , 02:30:00,0,0
815,29/11/2017 , 02:45:00,0,0
816,29/11/2017 , 03:00:00,0,0
817,29/11/2017 , 03:15:00,0,0
818,29/11/2017 , 03:30:00,0,0
819,29/11/2017 , 03:45:00,0,0
820,29/11/2017 , 04:00:00,0,0
821,29/11/2017 , 04:15:00,0,0
822,29/11/2017 , 04:30:00,0,0
823,29/11/2017 , 04:45:00,0,0
824,29/11/2017 , 05:00:00,0,0
825,29/11/2017 , 05:15:00,0,0
826,29/11/2017 , 05:30:00,0,0
827,29/11/2017 , 05:45:00,0,0
828,29/11/2017 , 06:00:00,0,0
829,29/11/2017 , 06:15:00,0,0
830,29/11/2017 , 06:30:00,0,0
831,29/11/2017 , 06:45:00,0,0
832,29/11/2017 , 07:00:00,3,3
833,29/11/2017 , 07:15:00,19,19
834,29/11/2017 , 07:30:00,29,29
835,29/11/2017 , 07:45:00,44,44
836,29/11/2017 , 08:00:00,55,55
837,29/11/2017 , 08:15:00,65,65
838,29/11/2017 , 08:30:00,96,96
839,29/11/2017 , 08:45:00,159,159
840,29/11/2017 , 09:00:00,204,204
841,29/11/2017 , 09:15:00,241,241
842,29/11/2017 , 09:30:00,318,318
843,29/11/2017 , 09:45:00,390,390
844,29/11/2017 , 10:00:00,471,471
845,29/11/2017 , 10:15:00,638,638
846,29/11/2017 , 10:30:00,355,355
847,29/11/2017 , 10:45:00,462,462
848,29/11/2017 , 11:00:00,587,587
849,29/11/2017 , 11:15:00,377,377
850,29/11/2017 , 11:30:00,565,565
851,29/11/2017 , 11:45:00,682,682
852,29/11/2017 , 12:00:00,414,414
853,29/11/2017 , 12:15:00,345,345
854,29/11/2017 , 12:30:00,444,444
855,29/11/2017 , 12:45:00,477,477
856,29/11/2017 , 13:00:00,695,695
857,29/11/2017 , 13:15:00,379,379
858,29/11/2017 , 13:30:00,412,412
859,29/11/2017 , 13:45:00,422,422
860,29/11/2017 , 14:00:00,313,313
861,29/11/2017 , 14:15:00,438,438
862,29/11/2017 , 14:30:00,293,293
863,29/11/2017 , 14:45:00,283,283
864,29/11/2017 , 15:00:00,266,266
865,29/11/2017 , 15:15:00,233,233
866,29/11/2017 , 15:30:00,231,231
867,29/11/2017 , 15:45:00,224,224
868,29/11/2017 , 16:00:00,154,154
869,29/11/2017 , 16:15:00,138,138
870,29/11/2017 , 16:30:00,254,254
871,29/11/2017 , 16:45:00,301,301
872,29/11/2017 , 17:00:00,160,160
873,29/11/2017 , 17:15:00,31,31
874,29/11/2017 , 17:30:00,12,12
875,29/11/2017 , 17:45:00,5,5
876,29/11/2017 , 18:00:00,0,0
877,29/11/2017 , 18:15:00,0,0
878,29/11/2017 , 18:30:00,0,0
879,29/11/2017 , 18:45:00,0,0
880,29/11/2017 , 19:00:00,0,0
881,29/11/2017 , 19:15:00,0,0
882,29/11/2017 , 19:30:00,0,0
883,29/11/2017 , 19:45:00,0,0
884,29/11/2017 , 20:00:00,0,0
885,29/11/2017 , 20:15:00,0,0
886,29/11/2017 , 20:30:00,0,0
887,29/11/2017 , 20:45:00,0,0
888,29/11/2017 , 21:00:00,0,0
889,29/11/2017 , 21:15:00,0,0
890,29/11/2017 , 21:30:00,0,0
891,29/11/2017 , 21:45:00,0,0
892,29/11/2017 , 22:00:00,0,0
893,29/11/2017 , 22:15:00,0,0
894,29/11/2017 , 22:30:00,0,0
895,29/11/2017 , 22:45:00,0,0
896,29/11/2017 , 23:00:00,0,0
897,29/11/2017 , 23:15:00,0,0
898,29/11/2017 , 23:30:00,0,0
899,29/11/2017 , 23:45:00,0,0
900,29/11/2017 , 24:00:00,0,0
901,30/11/2017 , 00:15:00,0,0
902,30/11/2017 , 00:30:00,0,0
903,30/11/2017 , 00:45:00,0,0
904,30/11/2017 , 01:00:00,0,0
905,30/11/2017 , 01:15:00,0,0
906,30/11/2017 , 01:30:00,0,0
907,30/11/2017 , 01:45:00,0,0
908,30/11/2017 , 02:00:00,0,0
909,30/11/2017 , 02:15:00,0,0
910,30/11/2017 , 02:30:00,0,0
911,30/11/2017 , 02:45:00,0,0
912,30/11/2017 , 03:00:00,0,0
913,30/11/2017 , 03:15:00,0,0
914,30/11/2017 , 03:30:00,0,0
915,30/11/2017 , 03:45:00,0,0
916,30/11/2017 , 04:00:00,0,0
917,30/11/2017 , 04:15:00,0,0
918,30/11/2017 , 04:30:00,0,0
919,30/11/2017 , 04:45:00,0,0
920,30/11/2017 , 05:00:00,0,0
921,30/11/2017 , 05:15:00,0,0
922,30/11/2017 , 05:30:00,0,0
923,30/11/2017 , 05:45:00,0,0
924,30/11/2017 , 06:00:00,0,0
925,30/11/2017 , 06:15:00,0,0
926,30/11/2017 , 06:30:00,0,0
927,30/11/2017 , 06:45:00,0,0
928,30/11/2017 , 07:00:00,0,0
929,30/11/2017 , 07:15:00,10,10
930,30/11/2017 , 07:30:00,24,24
931,30/11/2017 , 07:45:00,51,51
932,30/11/2017 , 08:00:00,80,80
933,30/11/2017 , 08:15:00,76,76
934,30/11/2017 , 08:30:00,96,96
935,30/11/2017 , 08:45:00,93,93
936,30/11/2017 , 09:00:00,83,83
937,30/11/2017 , 09:15:00,102,102
938,30/11/2017 , 09:30:00,161,161
939,30/11/2017 , 09:45:00,235,235
940,30/11/2017 , 10:00:00,287,287
941,30/11/2017 , 10:15:00,362,362
942,30/11/2017 , 10:30:00,453,453
943,30/11/2017 , 10:45:00,350,350
944,30/11/2017 , 11:00:00,314,314
945,30/11/2017 , 11:15:00,297,297
946,30/11/2017 , 11:30:00,224,224
947,30/11/2017 , 11:45:00,199,199
948,30/11/2017 , 12:00:00,179,179
949,30/11/2017 , 12:15:00,310,310
950,30/11/2017 , 12:30:00,228,228
951,30/11/2017 , 12:45:00,205,205
952,30/11/2017 , 13:00:00,218,218
953,30/11/2017 , 13:15:00,196,196
954,30/11/2017 , 13:30:00,183,183
955,30/11/2017 , 13:45:00,271,271
956,30/11/2017 , 14:00:00,279,279
957,30/11/2017 , 14:15:00,225,225
958,30/11/2017 , 14:30:00,210,210
959,30/11/2017 , 14:45:00,188,188
960,30/11/2017 , 15:00:00,159,159
961,30/11/2017 , 15:15:00,153,153
962,30/11/2017 , 15:30:00,189,189
963,30/11/2017 , 15:45:00,322,322
964,30/11/2017 , 16:00:00,149,149
965,30/11/2017 , 16:15:00,106,106
966,30/11/2017 , 16:30:00,85,85
967,30/11/2017 , 16:45:00,87,87
968,30/11/2017 , 17:00:00,61,61
969,30/11/2017 , 17:15:00,39,39
970,30/11/2017 , 17:30:00,21,21
971,30/11/2017 , 17:45:00,5,5
972,30/11/2017 , 18:00:00,0,0
973,30/11/2017 , 18:15:00,0,0
974,30/11/2017 , 18:30:00,0,0
975,30/11/2017 , 18:45:00,0,0
976,30/11/2017 , 19:00:00,0,0
977,30/11/2017 , 19:15:00,0,0
978,30/11/2017 , 19:30:00,0,0
979,30/11/2017 , 19:45:00,0,0
980,30/11/2017 , 20:00:00,0,0
981,30/11/2017 , 20:15:00,0,0
982,30/11/2017 , 20:30:00,0,0
983,30/11/2017 , 20:45:00,0,0
984,30/11/2017 , 21:00:00,0,0
985,30/11/2017 , 21:15:00,0,0
986,30/11/2017 , 21:30:00,0,0
987,30/11/2017 , 21:45:00,0,0
988,30/11/2017 , 22:00:00,0,0
989,30/11/2017 , 22:15:00,0,0
990,30/11/2017 , 22:30:00,0,0
991,30/11/2017 , 22:45:00,0,0
992,30/11/2017 , 23:00:00,0,0
993,30/11/2017 , 23:15:00,0,0
994,30/11/2017 , 23:30:00,0,0
995,30/11/2017 , 23:45:00,0,0
996,30/11/2017 , 24:00:00,0,0
997,01/12/2017 , 00:15:00,0,0
998,01/12/2017 , 00:30:00,0,0
999,01/12/2017 , 00:45:00,0,0
1000,01/12/2017 , 01:00:00,0,0
1001,01/12/2017 , 01:15:00,0,0
1002,01/12/2017 , 01:30:00,0,0
1003,01/12/2017 , 01:45:00,0,0
1004,01/12/2017 , 02:00:00,0,0
1005,01/12/2017 , 02:15:00,0,0
1006,01/12/2017 , 02:30:00,0,0
1007,01/12/2017 , 02:45:00,0,0
1008,01/12/2017 , 03:00:00,0,0
1009,01/12/2017 , 03:15:00,0,0
1010,01/12/2017 , 03:30:00,0,0
1011,01/12/2017 , 03:45:00,0,0
1012,01/12/2017 , 04:00:00,0,0
1013,01/12/2017 , 04:15:00,0,0
1014,01/12/2017 , 04:30:00,0,0
1015,01/12/2017 , 04:45:00,0,0
1016,01/12/2017 , 05:00:00,0,0
1017,01/12/2017 , 05:15:00,0,0
1018,01/12/2017 , 05:30:00,0,0
1019,01/12/2017 , 05:45:00,0,0
1020,01/12/2017 , 06:00:00,0,0
1021,01/12/2017 , 06:15:00,0,0
1022,01/12/2017 , 06:30:00,0,0
1023,01/12/2017 , 06:45:00,0,0
1024,01/12/2017 , 07:00:00,1,1
1025,01/12/2017 , 07:15:00,15,15
1026,01/12/2017 , 07:30:00,20,20
1027,01/12/2017 , 07:45:00,34,34
1028,01/12/2017 , 08:00:00,57,57
1029,01/12/2017 , 08:15:00,63,63
1030,01/12/2017 , 08:30:00,79,79
1031,01/12/2017 , 08:45:00,148,148
1032,01/12/2017 , 09:00:00,252,252
1033,01/12/2017 , 09:15:00,550,550
1034,01/12/2017 , 09:30:00,567,567
1035,01/12/2017 , 09:45:00,414,414
1036,01/12/2017 , 10:00:00,297,297
1037,01/12/2017 , 10:15:00,324,324
1038,01/12/2017 , 10:30:00,258,258
1039,01/12/2017 , 10:45:00,322,322
1040,01/12/2017 , 11:00:00,421,421
1041,01/12/2017 , 11:15:00,302,302
1042,01/12/2017 , 11:30:00,452,452
1043,01/12/2017 , 11:45:00,311,311
1044,01/12/2017 , 12:00:00,485,485
1045,01/12/2017 , 12:15:00,533,533
1046,01/12/2017 , 12:30:00,522,522
1047,01/12/2017 , 12:45:00,144,144
1048,01/12/2017 , 13:00:00,100,100
1049,01/12/2017 , 13:15:00,167,167
1050,01/12/2017 , 13:30:00,199,199
1051,01/12/2017 , 13:45:00,207,207
1052,01/12/2017 , 14:00:00,258,258
1053,01/12/2017 , 14:15:00,324,324
1054,01/12/2017 , 14:30:00,222,222
1055,01/12/2017 , 14:45:00,286,286
1056,01/12/2017 , 15:00:00,196,196
1057,01/12/2017 , 15:15:00,182,182
1058,01/12/2017 , 15:30:00,123,123
1059,01/12/2017 , 15:45:00,100,100
1060,01/12/2017 , 16:00:00,42,42
1061,01/12/2017 , 16:15:00,88,88
1062,01/12/2017 , 16:30:00,71,71
1063,01/12/2017 , 16:45:00,80,80
1064,01/12/2017 , 17:00:00,62,62
1065,01/12/2017 , 17:15:00,30,30
1066,01/12/2017 , 17:30:00,17,17
1067,01/12/2017 , 17:45:00,5,5
1068,01/12/2017 , 18:00:00,0,0
1069,01/12/2017 , 18:15:00,0,0
1070,01/12/2017 , 18:30:00,0,0
1071,01/12/2017 , 18:45:00,0,0
1072,01/12/2017 , 19:00:00,0,0
1073,01/12/2017 , 19:15:00,0,0
1074,01/12/2017 , 19:30:00,0,0
1075,01/12/2017 , 19:45:00,0,0
1076,01/12/2017 , 20:00:00,0,0
1077,01/12/2017 , 20:15:00,0,0
1078,01/12/2017 , 20:30:00,0,0
1079,01/12/2017 , 20:45:00,0,0
1080,01/12/2017 , 21:00:00,0,0
1081,01/12/2017 , 21:15:00,0,0
1082,01/12/2017 , 21:30:00,0,0
1083,01/12/2017 , 21:45:00,0,0
1084,01/12/2017 , 22:00:00,0,0
1085,01/12/2017 , 22:15:00,0,0
1086,01/12/2017 , 22:30:00,0,0
1087,01/12/2017 , 22:45:00,0,0
1088,01/12/2017 , 23:00:00,0,0
1089,01/12/2017 , 23:15:00,0,0
1090,01/12/2017 , 23:30:00,0,0
1091,01/12/2017 , 23:45:00,0,0
1092,01/12/2017 , 24:00:00,0,0
1093,02/12/2017 , 00:15:00,0,0
1094,02/12/2017 , 00:30:00,0,0
1095,02/12/2017 , 00:45:00,0,0
1096,02/12/2017 , 01:00:00,0,0
1097,02/12/2017 , 01:15:00,0,0
1098,02/12/2017 , 01:30:00,0,0
1099,02/12/2017 , 01:45:00,0,0
1100,02/12/2017 , 02:00:00,0,0
1101,02/12/2017 , 02:15:00,0,0
1102,02/12/2017 , 02:30:00,0,0
1103,02/12/2017 , 02:45:00,0,0
1104,02/12/2017 , 03:00:00,0,0
1105,02/12/2017 , 03:15:00,0,0
1106,02/12/2017 , 03:30:00,0,0
1107,02/12/2017 , 03:45:00,0,0
1108,02/12/2017 , 04:00:00,0,0
1109,02/12/2017 , 04:15:00,0,0
1110,02/12/2017 , 04:30:00,0,0
1111,02/12/2017 , 04:45:00,0,0
1112,02/12/2017 , 05:00:00,0,0
1113,02/12/2017 , 05:15:00,0,0
1114,02/12/2017 , 05:30:00,0,0
1115,02/12/2017 , 05:45:00,0,0
1116,02/12/2017 , 06:00:00,0,0
1117,02/12/2017 , 06:15:00,0,0
1118,02/12/2017 , 06:30:00,0,0
1119,02/12/2017 , 06:45:00,0,0
1120,02/12/2017 , 07:00:00,0,0
1121,02/12/2017 , 07:15:00,1,1
1122,02/12/2017 , 07:30:00,13,13
1123,02/12/2017 , 07:45:00,15,15
1124,02/12/2017 , 08:00:00,29,29
1125,02/12/2017 , 08:15:00,32,32
1126,02/12/2017 , 08:30:00,56,56
1127,02/12/2017 , 08:45:00,61,61
1128,02/12/2017 , 09:00:00,69,69
1129,02/12/2017 , 09:15:00,91,91
1130,02/12/2017 , 09:30:00,93,93
1131,02/12/2017 , 09:45:00,149,149
1132,02/12/2017 , 10:00:00,190,190
1133,02/12/2017 , 10:15:00,185,185
1134,02/12/2017 , 10:30:00,157,157
1135,02/12/2017 , 10:45:00,160,160
1136,02/12/2017 , 11:00:00,242,242
1137,02/12/2017 , 11:15:00,310,310
1138,02/12/2017 , 11:30:00,468,468
1139,02/12/2017 , 11:45:00,469,469
1140,02/12/2017 , 12:00:00,564,564
1141,02/12/2017 , 12:15:00,639,639
1142,02/12/2017 , 12:30:00,486,486
1143,02/12/2017 , 12:45:00,506,506
1144,02/12/2017 , 13:00:00,476,476
1145,02/12/2017 , 13:15:00,430,430
1146,02/12/2017 , 13:30:00,422,422
1147,02/12/2017 , 13:45:00,373,373
1148,02/12/2017 , 14:00:00,413,413
1149,02/12/2017 , 14:15:00,263,263
1150,02/12/2017 , 14:30:00,174,174
1151,02/12/2017 , 14:45:00,262,262
1152,02/12/2017 , 15:00:00,257,257
1153,02/12/2017 , 15:15:00,296,296
1154,02/12/2017 , 15:30:00,241,241
1155,02/12/2017 , 15:45:00,208,208
1156,02/12/2017 , 16:00:00,173,173
1157,02/12/2017 , 16:15:00,145,145
1158,02/12/2017 , 16:30:00,103,103
1159,02/12/2017 , 16:45:00,93,93
1160,02/12/2017 , 17:00:00,82,82
1161,02/12/2017 , 17:15:00,57,57
1162,02/12/2017 , 17:30:00,24,24
1163,02/12/2017 , 17:45:00,13,13
1164,02/12/2017 , 18:00:00,1,1
1165,02/12/2017 , 18:15:00,0,0
1166,02/12/2017 , 18:30:00,0,0
1167,02/12/2017 , 18:45:00,0,0
1168,02/12/2017 , 19:00:00,0,0
1169,02/12/2017 , 19:15:00,0,0
1170,02/12/2017 , 19:30:00,0,0
1171,02/12/2017 , 19:45:00,0,0
1172,02/12/2017 , 20:00:00,0,0
1173,02/12/2017 , 20:15:00,0,0
1174,02/12/2017 , 20:30:00,0,0
1175,02/12/2017 , 20:45:00,0,0
1176,02/12/2017 , 21:00:00,0,0
1177,02/12/2017 , 21:15:00,0,0
1178,02/12/2017 , 21:30:00,0,0
1179,02/12/2017 , 21:45:00,0,0
1180,02/12/2017 , 22:00:00,0,0
1181,02/12/2017 , 22:15:00,0,0
1182,02/12/2017 , 22:30:00,0,0
1183,02/12/2017 , 22:45:00,0,0
1184,02/12/2017 , 23:00:00,0,0
1185,02/12/2017 , 23:15:00,0,0
1186,02/12/2017 , 23:30:00,0,0
1187,02/12/2017 , 23:45:00,0,0
1188,02/12/2017 , 24:00:00,0,0
1189,03/12/2017 , 00:15:00,0,0
1190,03/12/2017 , 00:30:00,0,0
1191,03/12/2017 , 00:45:00,0,0
1192,03/12/2017 , 01:00:00,0,0
1193,03/12/2017 , 01:15:00,0,0
1194,03/12/2017 , 01:30:00,0,0
1195,03/12/2017 , 01:45:00,0,0
1196,03/12/2017 , 02:00:00,0,0
1197,03/12/2017 , 02:15:00,0,0
1198,03/12/2017 , 02:30:00,0,0
1199,03/12/2017 , 02:45:00,0,0
1200,03/12/2017 , 03:00:00,0,0
1201,03/12/2017 , 03:15:00,0,0
1202,03/12/2017 , 03:30:00,0,0
1203,03/12/2017 , 03:45:00,0,0
1204,03/12/2017 , 04:00:00,0,0
1205,03/12/2017 , 04:15:00,0,0
1206,03/12/2017 , 04:30:00,0,0
1207,03/12/2017 , 04:45:00,0,0
1208,03/12/2017 , 05:00:00,0,0
1209,03/12/2017 , 05:15:00,0,0
1210,03/12/2017 , 05:30:00,0,0
1211,03/12/2017 , 05:45:00,0,0
1212,03/12/2017 , 06:00:00,0,0
1213,03/12/2017 , 06:15:00,0,0
1214,03/12/2017 , 06:30:00,0,0
1215,03/12/2017 , 06:45:00,0,0
1216,03/12/2017 , 07:00:00,1,1
1217,03/12/2017 , 07:15:00,10,10
1218,03/12/2017 , 07:30:00,29,29
1219,03/12/2017 , 07:45:00,56,56
1220,03/12/2017 , 08:00:00,79,79
1221,03/12/2017 , 08:15:00,111,111
1222,03/12/2017 , 08:30:00,150,150
1223,03/12/2017 , 08:45:00,185,185
1224,03/12/2017 , 09:00:00,199,199
1225,03/12/2017 , 09:15:00,291,291
1226,03/12/2017 , 09:30:00,204,204
1227,03/12/2017 , 09:45:00,344,344
1228,03/12/2017 , 10:00:00,392,392
1229,03/12/2017 , 10:15:00,441,441
1230,03/12/2017 , 10:30:00,411,411
1231,03/12/2017 , 10:45:00,775,775
1232,03/12/2017 , 11:00:00,757,757
1233,03/12/2017 , 11:15:00,538,538
1234,03/12/2017 , 11:30:00,681,681
1235,03/12/2017 , 11:45:00,650,650
1236,03/12/2017 , 12:00:00,513,513
1237,03/12/2017 , 12:15:00,719,719
1238,03/12/2017 , 12:30:00,567,567
1239,03/12/2017 , 12:45:00,486,486
1240,03/12/2017 , 13:00:00,518,518
1241,03/12/2017 , 13:15:00,618,618
1242,03/12/2017 , 13:30:00,677,677
1243,03/12/2017 , 13:45:00,583,583
1244,03/12/2017 , 14:00:00,515,515
1245,03/12/2017 , 14:15:00,518,518
1246,03/12/2017 , 14:30:00,431,431
1247,03/12/2017 , 14:45:00,467,467
1248,03/12/2017 , 15:00:00,373,373
1249,03/12/2017 , 15:15:00,379,379
1250,03/12/2017 , 15:30:00,252,252
1251,03/12/2017 , 15:45:00,216,216
1252,03/12/2017 , 16:00:00,164,164
1253,03/12/2017 , 16:15:00,149,149
1254,03/12/2017 , 16:30:00,143,143
1255,03/12/2017 , 16:45:00,97,97
1256,03/12/2017 , 17:00:00,77,77
1257,03/12/2017 , 17:15:00,49,49
1258,03/12/2017 , 17:30:00,29,29
1259,03/12/2017 , 17:45:00,13,13
1260,03/12/2017 , 18:00:00,1,1
1261,03/12/2017 , 18:15:00,0,0
1262,03/12/2017 , 18:30:00,0,0
1263,03/12/2017 , 18:45:00,0,0
1264,03/12/2017 , 19:00:00,0,0
1265,03/12/2017 , 19:15:00,0,0
1266,03/12/2017 , 19:30:00,0,0
1267,03/12/2017 , 19:45:00,0,0
1268,03/12/2017 , 20:00:00,0,0
1269,03/12/2017 , 20:15:00,0,0
1270,03/12/2017 , 20:30:00,0,0
1271,03/12/2017 , 20:45:00,0,0
1272,03/12/2017 , 21:00:00,0,0
1273,03/12/2017 , 21:15:00,0,0
1274,03/12/2017 , 21:30:00,0,0
1275,03/12/2017 , 21:45:00,0,0
1276,03/12/2017 , 22:00:00,0,0
1277,03/12/2017 , 22:15:00,0,0
1278,03/12/2017 , 22:30:00,0,0
1279,03/12/2017 , 22:45:00,0,0
1280,03/12/2017 , 23:00:00,0,0
1281,03/12/2017 , 23:15:00,0,0
1282,03/12/2017 , 23:30:00,0,0
1283,03/12/2017 , 23:45:00,0,0
1284,03/12/2017 , 24:00:00,0,0
1285,04/12/2017 , 00:15:00,0,0
1286,04/12/2017 , 00:30:00,0,0
1287,04/12/2017 , 00:45:00,0,0
1288,04/12/2017 , 01:00:00,0,0
1289,04/12/2017 , 01:15:00,0,0
1290,04/12/2017 , 01:30:00,0,0
1291,04/12/2017 , 01:45:00,0,0
1292,04/12/2017 , 02:00:00,0,0
1293,04/12/2017 , 02:15:00,0,0
1294,04/12/2017 , 02:30:00,0,0
1295,04/12/2017 , 02:45:00,0,0
1296,04/12/2017 , 03:00:00,0,0
1297,04/12/2017 , 03:15:00,0,0
1298,04/12/2017 , 03:30:00,0,0
1299,04/12/2017 , 03:45:00,0,0
1300,04/12/2017 , 04:00:00,0,0
1301,04/12/2017 , 04:15:00,0,0
1302,04/12/2017 , 04:30:00,0,0
1303,04/12/2017 , 04:45:00,0,0
1304,04/12/2017 , 05:00:00,0,0
1305,04/12/2017 , 05:15:00,0,0
1306,04/12/2017 , 05:30:00,0,0
1307,04/12/2017 , 05:45:00,0,0
1308,04/12/2017 , 06:00:00,0,0
1309,04/12/2017 , 06:15:00,0,0
1310,04/12/2017 , 06:30:00,0,0
1311,04/12/2017 , 06:45:00,0,0
1312,04/12/2017 , 07:00:00,0,0
1313,04/12/2017 , 07:15:00,9,9
1314,04/12/2017 , 07:30:00,23,23
1315,04/12/2017 , 07:45:00,41,41
1316,04/12/2017 , 08:00:00,66,66
1317,04/12/2017 , 08:15:00,93,93
1318,04/12/2017 , 08:30:00,125,125
1319,04/12/2017 , 08:45:00,144,144
1320,04/12/2017 , 09:00:00,222,222
1321,04/12/2017 , 09:15:00,267,267
1322,04/12/2017 , 09:30:00,316,316
1323,04/12/2017 , 09:45:00,387,387
1324,04/12/2017 , 10:00:00,420,420
1325,04/12/2017 , 10:15:00,672,672
1326,04/12/2017 , 10:30:00,621,621
1327,04/12/2017 , 10:45:00,625,625
1328,04/12/2017 , 11:00:00,487,487
1329,04/12/2017 , 11:15:00,575,575
1330,04/12/2017 , 11:30:00,720,720
1331,04/12/2017 , 11:45:00,715,715
1332,04/12/2017 , 12:00:00,785,785
1333,04/12/2017 , 12:15:00,673,673
1334,04/12/2017 , 12:30:00,292,292
