Sample.Name,File.Name,C.CT.mean,D.CT.mean,C.CT.sd,D.CT.sd,C.reps,D.reps,C.D,fail,propC,propD,Dom,Mix,time
10,UROP_Time1_1.csv,28.370751985,25.831336975,0.30946441304495104,0.12141258899531135,2,2,0.015637496496225117,FALSE,0.015396730181951526,0.9846032698180485,D,DC,Time1
104,UROP_Time1_1.csv,23.511525755,NaN,0.7039292483728603,NA,2,0,Inf,FALSE,1,0,C,C,Time1
107,UROP_Time1_1.csv,24.97003711,NaN,0.25662777508016305,NA,2,0,Inf,FALSE,1,0,C,C,Time1
109,UROP_Time1_1.csv,27.85610259,33.30644035500001,0.05446451798323235,0.5978270838962261,2,2,3.9748657824338283,FALSE,0.7989895519330423,0.20101044806695767,C,CD,Time1
11,UROP_Time1_1.csv,27.490856774999997,24.742706300000002,0.447758674395278,0.35941483911883537,2,2,0.013531052817029293,FALSE,0.013350407744706787,0.9866495922552933,D,DC,Time1
111,UROP_Time1_1.csv,24.512857085,28.425992965,0.19825068678420188,0.24511527765178368,2,2,1.3695522061304262,FALSE,0.5779793340645404,0.4220206659354596,C,CD,Time1
114,UROP_Time1_1.csv,24.614198334999998,NaN,0.052806967764251415,NA,2,0,Inf,FALSE,1,0,C,C,Time1
115,UROP_Time1_1.csv,30.94034541,NaN,1.2028481307628907,NA,2,0,Inf,FALSE,1,0,C,C,Time1
118,UROP_Time1_1.csv,31.309880859999993,NaN,0.391613681791216,NA,2,0,Inf,FALSE,1,0,C,C,Time1
124,UROP_Time1_1.csv,23.32421745,NaN,0.2038841994388472,NA,2,0,Inf,FALSE,1,0,C,C,Time1
13,UROP_Time1_1.csv,26.686668044999998,24.926485065,0.17696551402041702,0.01003702013448303,2,2,0.026837338254156254,FALSE,0.026135919735627736,0.9738640802643722,D,DC,Time1
131,UROP_Time1_1.csv,21.534643775,NaN,0.3032617430710638,NA,2,0,Inf,FALSE,1,0,C,C,Time1
133,UROP_Time1_1.csv,21.500958089999997,NaN,0.22092636381998615,NA,2,0,Inf,FALSE,1,0,C,C,Time1
134,UROP_Time1_1.csv,27.046875604999997,25.836107255,0.29394763355432146,0.0968069276398883,2,2,0.039276223589596364,FALSE,0.037791900457357426,0.9622080995426425,D,DC,Time1
14,UROP_Time1_1.csv,25.191232335,NaN,0.22328523668668812,NA,2,0,Inf,FALSE,1,0,C,C,Time1
141,UROP_Time1_1.csv,22.926849015,NaN,0.12796188271333986,NA,2,0,Inf,FALSE,1,0,C,C,Time1
147,UROP_Time1_1.csv,23.872601154999998,NaN,0.14671284134189427,NA,2,0,Inf,FALSE,1,0,C,C,Time1
150,UROP_Time1_1.csv,21.22382701,34.40019989,0.21485316509773233,NA,2,1,Inf,FALSE,1,0,C,C,Time1
157,UROP_Time1_1.csv,21.914610515,NaN,0.21984200849997015,NA,2,0,Inf,FALSE,1,0,C,C,Time1
159,UROP_Time1_1.csv,20.458186755,NaN,0.0661024420124587,NA,2,0,Inf,FALSE,1,0,C,C,Time1
16,UROP_Time1_1.csv,26.004456169999997,NaN,0.5237443903147868,NA,2,0,Inf,FALSE,1,0,C,C,Time1
160,UROP_Time1_1.csv,32.57889522,NaN,2.22846909678311,NA,2,0,Inf,FALSE,1,0,C,C,Time1
17,UROP_Time1_1.csv,22.395437845,NaN,0.09007826921574257,NA,2,0,Inf,FALSE,1,0,C,C,Time1
187,UROP_Time1_1.csv,21.188312179999997,26.782566075,0.07982949888456484,0.284499993993025,2,2,4.391830198241918,FALSE,0.814534218765631,0.18546578123436896,C,CD,Time1
191,UROP_Time1_1.csv,23.607232695,34.582843780000005,0.08262400609701798,0.3217240960668781,2,2,183.06084898578013,FALSE,0.994567014085232,0.00543298591476804,C,CD,Time1
199,UROP_Time1_1.csv,23.311198835,NaN,0.05829077884224776,NA,2,0,Inf,FALSE,1,0,C,C,Time1
20,UROP_Time1_1.csv,27.683664925000002,29.105882645,0.08234212504976561,0.6153089272739076,2,2,0.24363378311156092,FALSE,0.19590476426427667,0.8040952357357234,D,DC,Time1
222,UROP_Time1_1.csv,25.371966965,NaN,0.15817813939263048,NA,2,0,Inf,FALSE,1,0,C,C,Time1
235,UROP_Time1_1.csv,22.089764244999998,NaN,0.1862701907326941,NA,2,0,Inf,FALSE,1,0,C,C,Time1
31,UROP_Time1_1.csv,28.503982195,26.632154465,0.020858978293559826,0.3056880527114828,2,2,0.024838823495547092,FALSE,0.02423680965834821,0.9757631903416518,D,DC,Time1
33,UROP_Time1_1.csv,27.72218669,25.55630493,0.5861662354651536,1.2078598914959013,2,2,0.020258717015203372,FALSE,0.019856450797569113,0.9801435492024309,D,DC,Time1
6,UROP_Time1_1.csv,27.161275515,24.63525009,0.5241692271399901,0.3492159693132048,2,2,0.015783302932426132,FALSE,0.015538061008545736,0.9844619389914543,D,DC,Time1
64,UROP_Time1_1.csv,30.54483569,27.880743025,0.12883853248745009,0.28999459552050577,2,2,0.014342851814289794,FALSE,0.014140043269034386,0.9858599567309656,D,DC,Time1
70,UROP_Time1_1.csv,27.425500515,25.407583235,0.24685780089266401,0.2557187539576096,2,2,0.022446761119829406,FALSE,0.021953965696213572,0.9780460343037864,D,DC,Time1
9,UROP_Time1_1.csv,27.634413369999997,25.51749039,0.055764661079663554,0.032452397021978725,2,2,0.020958007881916728,FALSE,0.020527786373306666,0.9794722136266933,D,DC,Time1
200,UROP_Time1_2.csv,22.90742362,NaN,0.02350647800620465,NA,2,0,Inf,FALSE,1,0,C,C,Time1
201,UROP_Time1_2.csv,21.96306289,NaN,0.038981453343928316,NA,2,0,Inf,FALSE,1,0,C,C,Time1
202,UROP_Time1_2.csv,24.100304254999998,NaN,0.26570317241864394,NA,2,0,Inf,FALSE,1,0,C,C,Time1
203,UROP_Time1_2.csv,23.36286319,21.33050156,5.59138839450182,NA,2,1,Inf,FALSE,1,0,C,C,Time1
204,UROP_Time1_2.csv,21.561125405,NaN,0.0452313226954637,NA,2,0,Inf,FALSE,1,0,C,C,Time1
205,UROP_Time1_2.csv,24.09061778,NaN,0.11064997830837874,NA,2,0,Inf,FALSE,1,0,C,C,Time1
206,UROP_Time1_2.csv,34.819846755,NaN,0.6634224101384226,NA,2,0,Inf,FALSE,1,0,C,C,Time1
207,UROP_Time1_2.csv,22.6898867,NaN,0.03749518560055263,NA,2,0,Inf,FALSE,1,0,C,C,Time1
208,UROP_Time1_2.csv,23.676784165,NaN,0.6279705085770549,NA,2,0,Inf,FALSE,1,0,C,C,Time1
210,UROP_Time1_2.csv,27.370366699999998,NaN,2.415015773338319,NA,2,0,Inf,FALSE,1,0,C,C,Time1
212,UROP_Time1_2.csv,36.277269015,NaN,0.6010720534836353,NA,2,0,Inf,FALSE,1,0,C,C,Time1
219,UROP_Time1_2.csv,33.228356965,37.973884580000004,1.2437811493254165,NA,2,1,Inf,FALSE,1,0,C,C,Time1
220,UROP_Time1_2.csv,25.287348395,NaN,0.48542514954250676,NA,2,0,Inf,FALSE,1,0,C,C,Time1
224,UROP_Time1_2.csv,26.113775855,NaN,0.18197863239845177,NA,2,0,Inf,FALSE,1,0,C,C,Time1
228,UROP_Time1_2.csv,36.28541721,NaN,1.2443044436988318,NA,2,0,Inf,FALSE,1,0,C,C,Time1
234,UROP_Time1_2.csv,28.638988145,NaN,0.3886897033271269,NA,2,0,Inf,FALSE,1,0,C,C,Time1
239,UROP_Time1_2.csv,24.500713955000002,NaN,0.09224427870787551,NA,2,0,Inf,FALSE,1,0,C,C,Time1
241,UROP_Time1_2.csv,29.256908064999998,NaN,0.1136063281209085,NA,2,0,Inf,FALSE,1,0,C,C,Time1
242,UROP_Time1_2.csv,28.47322143,NaN,0.060183003659772076,NA,2,0,Inf,FALSE,1,0,C,C,Time1
245,UROP_Time1_2.csv,26.14206756,NaN,0.011864502255120967,NA,2,0,Inf,FALSE,1,0,C,C,Time1
248,UROP_Time1_2.csv,25.380919105,NaN,0.1317503769991749,NA,2,0,Inf,FALSE,1,0,C,C,Time1
253,UROP_Time1_2.csv,24.91961349,NaN,0.38165623238281926,NA,2,0,Inf,FALSE,1,0,C,C,Time1
255,UROP_Time1_2.csv,24.700346595,NaN,0.3275086608721181,NA,2,0,Inf,FALSE,1,0,C,C,Time1
257,UROP_Time1_2.csv,23.308717375,NaN,0.09239398735558788,NA,2,0,Inf,FALSE,1,0,C,C,Time1
258,UROP_Time1_2.csv,26.941038735,NaN,0.026071698773790734,NA,2,0,Inf,FALSE,1,0,C,C,Time1
259,UROP_Time1_2.csv,25.59755958,NaN,0.2975351751640121,NA,2,0,Inf,FALSE,1,0,C,C,Time1
261,UROP_Time1_2.csv,28.759274135,NaN,0.7262434736353084,NA,2,0,Inf,FALSE,1,0,C,C,Time1
268,UROP_Time1_2.csv,22.864995604999997,NaN,0.14192360711291846,NA,2,0,Inf,FALSE,1,0,C,C,Time1
269,UROP_Time1_2.csv,25.046457895,NaN,0.006197274749150071,NA,2,0,Inf,FALSE,1,0,C,C,Time1
271,UROP_Time1_2.csv,23.45957816,NaN,0.23519829596447386,NA,2,0,Inf,FALSE,1,0,C,C,Time1
273,UROP_Time1_2.csv,22.62270702,NaN,0.0477951999601649,NA,2,0,Inf,FALSE,1,0,C,C,Time1
274,UROP_Time1_2.csv,22.753666525,NaN,0.02840765430970993,NA,2,0,Inf,FALSE,1,0,C,C,Time1
275,UROP_Time1_2.csv,24.19587291,NaN,1.1617937231792308,NA,2,0,Inf,FALSE,1,0,C,C,Time1
278,UROP_Time1_2.csv,22.077829010000002,NaN,0.14719163041450462,NA,2,0,Inf,FALSE,1,0,C,C,Time1
279,UROP_Time1_2.csv,20.53354514,NaN,0.029243843433801615,NA,2,0,Inf,FALSE,1,0,C,C,Time1
282,UROP_Time1_2.csv,26.663887625,NaN,0.6467187801998396,NA,2,0,Inf,FALSE,1,0,C,C,Time1
285,UROP_Time1_2.csv,21.72122348,NaN,0.14582404347328298,NA,2,0,Inf,FALSE,1,0,C,C,Time1
286,UROP_Time1_2.csv,23.36319602,NaN,0.023873325004285514,NA,2,0,Inf,FALSE,1,0,C,C,Time1
100,UROP_Time1_3.csv,28.46377719,NaN,0.26839383392920885,NA,2,0,Inf,FALSE,1,0,C,C,Time1
102,UROP_Time1_3.csv,23.91423381,NaN,0.17320804050907437,NA,2,0,Inf,FALSE,1,0,C,C,Time1
103,UROP_Time1_3.csv,25.27868045,NaN,0.06180278730557012,NA,2,0,Inf,FALSE,1,0,C,C,Time1
105,UROP_Time1_3.csv,22.53107608,35.3599472,0.09099133498908742,NA,2,1,Inf,FALSE,1,0,C,C,Time1
106,UROP_Time1_3.csv,22.355929975,NaN,0.21108760228481185,NA,2,0,Inf,FALSE,1,0,C,C,Time1
108,UROP_Time1_3.csv,22.479323035,34.173986435,0.35387033706580495,1.5654809633454243,2,2,301.33653314424714,FALSE,0.9966924275091728,0.0033075724908272486,C,CD,Time1
112,UROP_Time1_3.csv,26.04380286,29.03649807,0.21416937869818867,0.04322984988024806,2,2,0.7235996380187423,FALSE,0.41981886167631804,0.5801811383236819,D,DC,Time1
113,UROP_Time1_3.csv,24.224087365,NaN,0.032181313495274144,NA,2,0,Inf,FALSE,1,0,C,C,Time1
117,UROP_Time1_3.csv,23.540948514999997,NaN,0.153271567864383,NA,2,0,Inf,FALSE,1,0,C,C,Time1
119,UROP_Time1_3.csv,23.527875549999997,NaN,0.024665015898638138,NA,2,0,Inf,FALSE,1,0,C,C,Time1
120,UROP_Time1_3.csv,23.114728575,NaN,0.12734686951933472,NA,2,0,Inf,FALSE,1,0,C,C,Time1
121,UROP_Time1_3.csv,24.784430155,NaN,0.4939408365083353,NA,2,0,Inf,FALSE,1,0,C,C,Time1
123,UROP_Time1_3.csv,27.677577624999998,NaN,0.24400934850387482,NA,2,0,Inf,FALSE,1,0,C,C,Time1
126,UROP_Time1_3.csv,33.908145555,NaN,0.37743885662099197,NA,2,0,Inf,FALSE,1,0,C,C,Time1
127,UROP_Time1_3.csv,34.706622725,NaN,0.2606630849879691,NA,2,0,Inf,FALSE,1,0,C,C,Time1
128,UROP_Time1_3.csv,23.12979377,NaN,0.008325517668097618,NA,2,0,Inf,FALSE,1,0,C,C,Time1
130,UROP_Time1_3.csv,22.570217735,NaN,0.1754913802294056,NA,2,0,Inf,FALSE,1,0,C,C,Time1
132,UROP_Time1_3.csv,23.234412795,NaN,0.19005598387062508,NA,2,0,Inf,FALSE,1,0,C,C,Time1
136,UROP_Time1_3.csv,25.4628054,24.478280065,0.07744635104206843,0.08815232247582681,2,2,0.04594472511583086,FALSE,0.04392653264802574,0.9560734673519743,D,DC,Time1
137,UROP_Time1_3.csv,25.695314054999997,23.72519016,0.28718660378173505,0.09045860074014098,2,2,0.023202828353043412,FALSE,0.022676665574108013,0.977323334425892,D,DC,Time1
138,UROP_Time1_3.csv,21.014379149999996,NaN,0.01949680071921469,NA,2,0,Inf,FALSE,1,0,C,C,Time1
139,UROP_Time1_3.csv,22.92465175,NaN,0.443813732734106,NA,2,0,Inf,FALSE,1,0,C,C,Time1
140,UROP_Time1_3.csv,22.687862045,NaN,0.05646733430133286,NA,2,0,Inf,FALSE,1,0,C,C,Time1
144,UROP_Time1_3.csv,22.63116515,NaN,0.07493237430291437,NA,2,0,Inf,FALSE,1,0,C,C,Time1
148,UROP_Time1_3.csv,22.768097524999998,NaN,0.18822310652524746,NA,2,0,Inf,FALSE,1,0,C,C,Time1
149,UROP_Time1_3.csv,22.589199665000002,NaN,0.12551129102605302,NA,2,0,Inf,FALSE,1,0,C,C,Time1
151,UROP_Time1_3.csv,21.614607460000002,NaN,0.0018625475459167736,NA,2,0,Inf,FALSE,1,0,C,C,Time1
153,UROP_Time1_3.csv,20.728242520000002,NaN,0.1123277588523727,NA,2,0,Inf,FALSE,1,0,C,C,Time1
154,UROP_Time1_3.csv,21.776178965,NaN,0.25054649412739977,NA,2,0,Inf,FALSE,1,0,C,C,Time1
155,UROP_Time1_3.csv,23.07271636,NaN,0.18246955542342638,NA,2,0,Inf,FALSE,1,0,C,C,Time1
156,UROP_Time1_3.csv,23.98342574,NaN,0.12078544892000781,NA,2,0,Inf,FALSE,1,0,C,C,Time1
158,UROP_Time1_3.csv,22.430745725,NaN,0.17820631671576992,NA,2,0,Inf,FALSE,1,0,C,C,Time1
161,UROP_Time1_3.csv,21.674539214999996,NaN,0.03580256288522446,NA,2,0,Inf,FALSE,1,0,C,C,Time1
162,UROP_Time1_3.csv,24.868592864999997,24.14433956,0.13459747174294245,0.15750513637150032,2,2,0.05502820488134894,FALSE,0.05215804148813022,0.9478419585118698,D,DC,Time1
186,UROP_Time1_3.csv,22.895207055,NaN,0.08226120374972604,NA,2,0,Inf,FALSE,1,0,C,C,Time1
188,UROP_Time1_3.csv,25.87450374,NaN,0.4508350626549835,NA,2,0,Inf,FALSE,1,0,C,C,Time1
189,UROP_Time1_3.csv,28.27802718,NaN,0.34490148657711633,NA,2,0,Inf,FALSE,1,0,C,C,Time1
190,UROP_Time1_3.csv,27.171774515,36.52355385,0.4840629648970907,0.7756126013665107,2,2,59.39821684512339,FALSE,0.9834432198128588,0.01655678018714124,C,CD,Time1
194,UROP_Time1_3.csv,22.16323722,33.910463335,0.03150426582335756,0.4291479774678364,2,2,312.51778770547025,FALSE,0.9968103883121955,0.0031896116878045166,C,CD,Time1
196,UROP_Time1_3.csv,23.979291564999997,NaN,0.03670080062936687,NA,2,0,Inf,FALSE,1,0,C,C,Time1
197,UROP_Time1_3.csv,26.61712039,NaN,0.8239742645690868,NA,2,0,Inf,FALSE,1,0,C,C,Time1
198,UROP_Time1_3.csv,22.460450774999998,NaN,0.07999134855571238,NA,2,0,Inf,FALSE,1,0,C,C,Time1
211,UROP_Time1_3.csv,24.767401344999996,NaN,0.4435669171121325,NA,2,0,Inf,FALSE,1,0,C,C,Time1
1,UROP_Time1_4.csv,30.767877225,31.014294624999998,0.1961332272436653,0.4200725872004289,2,2,0.1078416052179691,FALSE,0.09734388445968423,0.9026561155403158,D,DC,Time1
12,UROP_Time1_4.csv,37.42957843,34.7629261,NA,0.36299698550378134,1,2,-Inf,FALSE,0,1,D,D,Time1
146,UROP_Time1_4.csv,22.07385219,NaN,0.00831068256782679,NA,2,0,Inf,FALSE,1,0,C,C,Time1
15,UROP_Time1_4.csv,26.519552830000002,NaN,0.03683432360285764,NA,2,0,Inf,FALSE,1,0,C,C,Time1
19,UROP_Time1_4.csv,31.740787155,31.947245595,0.8039352897253971,0.2559682636564188,2,2,0.10489565475124504,FALSE,0.09493715926945259,0.9050628407305474,D,DC,Time1
192,UROP_Time1_4.csv,22.80267871,31.989389420000002,0.04820520875616834,0.3642647572517719,2,2,52.976443604503636,FALSE,0.9814733996310093,0.018526600368990676,C,CD,Time1
2,UROP_Time1_4.csv,25.40469516,26.188909535,0.0071049523688185914,0.05203281311807115,2,2,0.15655947804263295,FALSE,0.13536656005586067,0.8646334399441393,D,DC,Time1
21 A,UROP_Time1_4.csv,28.26073993,NaN,0.3651953663443549,NA,2,0,Inf,FALSE,1,0,C,C,Time1
21 B,UROP_Time1_4.csv,24.669630655,24.021058085,0.42064982675018026,0.20004310347956347,2,2,0.05799192390881473,FALSE,0.054813200931213245,0.9451867990687868,D,DC,Time1
24,UROP_Time1_4.csv,23.95970977,24.217487335,0.10340880888923121,0.07779026656723222,2,2,0.10869413084194908,FALSE,0.09803797803042945,0.9019620219695705,D,DC,Time1
26,UROP_Time1_4.csv,27.632657655,24.611652375,0.43782550703374407,0.29361720255547524,2,2,0.011199383295632288,FALSE,0.011075346247870543,0.9889246537521295,D,DC,Time1
27,UROP_Time1_4.csv,28.361506114999997,26.557414055,0.012595502174444538,0.053218320063137224,2,2,0.026032836443659915,FALSE,0.025372322911119027,0.974627677088881,D,DC,Time1
28,UROP_Time1_4.csv,27.46071494,25.397013665000003,0.17255931246374115,0.027379945313934072,2,2,0.021745596687723703,FALSE,0.021282789725953488,0.9787172102740465,D,DC,Time1
29,UROP_Time1_4.csv,28.697127945,26.695363045,0.15004817917593757,0.18948278897166013,2,2,0.02269948664797311,FALSE,0.022195656636509666,0.9778043433634903,D,DC,Time1
32,UROP_Time1_4.csv,29.120597489999998,26.575174330000003,0.3126338565570604,0.062231675852633325,2,2,0.015572509053100732,FALSE,0.015333724489667631,0.9846662755103324,D,DC,Time1
34,UROP_Time1_4.csv,28.471756585,26.53518486,0.8467173713075272,0.5855728031701096,2,2,0.023748770840280462,FALSE,0.023197850406978037,0.9768021495930219,D,DC,Time1
35,UROP_Time1_4.csv,27.175267825,25.336642265000002,0.3112689778348112,0.04218326820448085,2,2,0.025417092560667917,FALSE,0.024787077127021988,0.975212922872978,D,DC,Time1
36,UROP_Time1_4.csv,27.563336975,25.463894840000002,0.21394684512308296,0.07696891254340885,2,2,0.02121349656543388,FALSE,0.020772832161716964,0.979227167838283,D,DC,Time1
37,UROP_Time1_4.csv,32.149158125,29.47758293,0.06923952124718824,0.11091432310745873,2,2,0.014268655267510033,FALSE,0.014067924896827974,0.985932075103172,D,DC,Time1
38,UROP_Time1_4.csv,30.830047254999997,27.814502715,0.8107920758982914,0.17804717526359984,2,2,0.011241854370388374,FALSE,0.011116880024104315,0.9888831199758957,D,DC,Time1
39,UROP_Time1_4.csv,21.944729455,29.00749111,0.5317421710608713,0.7560335358443765,2,2,12.153753539051491,FALSE,0.923976072910964,0.07602392708903605,C,CD,Time1
4,UROP_Time1_4.csv,32.43048633,32.633285525,0.03260615032048002,0.07989693565828686,2,2,0.10462993502739391,FALSE,0.09471944558953056,0.9052805544104694,D,DC,Time1
40,UROP_Time1_4.csv,21.512164714999997,27.355845449999997,0.08357079379275427,0.13917361934340958,2,2,5.220721197330129,FALSE,0.8392469348362389,0.1607530651637611,C,CD,Time1
41,UROP_Time1_4.csv,22.079521784999997,28.986461635,0.31090617548751925,0.2671638146122669,2,2,10.909463357731456,FALSE,0.9160331603563973,0.08396683964360274,C,CD,Time1
42 A,UROP_Time1_4.csv,22.020951875,NaN,0.252425234418604,NA,2,0,Inf,FALSE,1,0,C,C,Time1
42 B,UROP_Time1_4.csv,22.75573314,NaN,0.11310730165222425,NA,2,0,Inf,FALSE,1,0,C,C,Time1
43,UROP_Time1_4.csv,28.358230239999997,34.390436175000005,0.12818305864342638,0.37469829458487236,2,2,5.949524281094107,FALSE,0.856105258496548,0.14389474150345205,C,CD,Time1
44,UROP_Time1_4.csv,30.170058849999997,33.816595075,0.10733217672251029,0.1457539196937937,2,2,1.1384765742924465,FALSE,0.5323773886413191,0.4676226113586809,C,CD,Time1
45,UROP_Time1_4.csv,21.238139755,27.022035600000002,0.23092156565943397,0.32489623365582054,2,2,5.008797292077163,FALSE,0.8335773447843648,0.16642265521563515,C,CD,Time1
46,UROP_Time1_4.csv,32.037915835,37.63134766,0.8779761720828595,1.1983893275327586,2,2,4.3893283781652634,FALSE,0.8144481223204961,0.18555187767950387,C,CD,Time1
48,UROP_Time1_4.csv,26.045185695,24.493474005,0.3811949795583813,0.06327961517341969,2,2,0.031009556253362058,FALSE,0.030076885384117347,0.9699231146158827,D,DC,Time1
5,UROP_Time1_4.csv,33.51983226,33.29699516,0.3354349672647601,0.5813405852369431,2,2,0.07789806387548576,FALSE,0.07226848853908342,0.9277315114609166,D,DC,Time1
50,UROP_Time1_4.csv,24.931040415,25.51466942,0.2436249652576191,0.14820045965922324,2,2,0.13623765248759848,FALSE,0.1199024272689163,0.8800975727310837,D,DC,Time1
63,UROP_Time1_4.csv,26.165675765,25.529904365,0.5574686108066109,0.24912496908091045,2,2,0.05850878142450853,FALSE,0.05527472464212268,0.9447252753578773,D,DC,Time1
65,UROP_Time1_4.csv,32.198892244999996,30.5569067,0.16583604926434264,0.05483675313498451,2,2,0.029128653764140967,FALSE,0.02830419079052945,0.9716958092094705,D,DC,Time1
7,UROP_Time1_4.csv,31.115144380000004,27.901919365,0.4517386885527947,0.4712611077506937,2,2,0.00980234993808227,FALSE,0.00970719660009042,0.9902928033999095,D,DC,Time1
72,UROP_Time1_4.csv,35.352754239999996,37.821022035,0.40607712673632207,0.37886038166748126,2,2,0.5030717827463049,FALSE,0.3346957800159938,0.6653042199840062,D,DC,Time1
75,UROP_Time1_4.csv,29.472894314999998,27.445429805,0.5134173998314736,0.31309106473070947,2,2,0.02229870705952972,FALSE,0.021812320514097292,0.9781876794859027,D,DC,Time1
76,UROP_Time1_4.csv,28.80381931,26.16855621,0.07694328699365863,0.2246339368057841,2,2,0.014632349815744511,FALSE,0.014421331843402904,0.9855786681565971,D,DC,Time1
77,UROP_Time1_4.csv,29.2362696,NaN,0.2717048897163868,NA,2,0,Inf,FALSE,1,0,C,C,Time1
97,UROP_Time1_4.csv,22.410689955,NaN,0.12364334118432817,NA,2,0,Inf,FALSE,1,0,C,C,Time1
98,UROP_Time1_4.csv,26.587661394999998,NaN,0.23345982444545335,NA,2,0,Inf,FALSE,1,0,C,C,Time1
99,UROP_Time1_4.csv,24.103931075,NaN,0.39406022175664807,NA,2,0,Inf,FALSE,1,0,C,C,Time1
209,UROP_Time1_5.csv,21.694348939999998,NaN,0.07854014623761303,NA,2,0,Inf,FALSE,1,0,C,C,Time1
213,UROP_Time1_5.csv,22.528661375,NaN,0.500283768183343,NA,2,0,Inf,FALSE,1,0,C,C,Time1
218,UROP_Time1_5.csv,22.227696065,NaN,0.09510352154614411,NA,2,0,Inf,FALSE,1,0,C,C,Time1
223,UROP_Time1_5.csv,27.784717209999997,NaN,1.7227608649939148,NA,2,0,Inf,FALSE,1,0,C,C,Time1
237,UROP_Time1_5.csv,34.521287564999994,NaN,0.2992601550856492,NA,2,0,Inf,FALSE,1,0,C,C,Time1
243,UROP_Time1_5.csv,24.07107795,NaN,0.1991907216101818,NA,2,0,Inf,FALSE,1,0,C,C,Time1
244,UROP_Time1_5.csv,25.0388943,NaN,0.6444165465863143,NA,2,0,Inf,FALSE,1,0,C,C,Time1
246,UROP_Time1_5.csv,30.43143619,NaN,0.1590224178182975,NA,2,0,Inf,FALSE,1,0,C,C,Time1
247,UROP_Time1_5.csv,28.17868579,NaN,0.02520988409994632,NA,2,0,Inf,FALSE,1,0,C,C,Time1
249,UROP_Time1_5.csv,22.429171215,NaN,0.15885113534269227,NA,2,0,Inf,FALSE,1,0,C,C,Time1
251,UROP_Time1_5.csv,24.405668865000003,NaN,0.034468704937465185,NA,2,0,Inf,FALSE,1,0,C,C,Time1
254,UROP_Time1_5.csv,26.779208785,NaN,0.08456613144008944,NA,2,0,Inf,FALSE,1,0,C,C,Time1
256,UROP_Time1_5.csv,22.95458568,NaN,0.263476471951482,NA,2,0,Inf,FALSE,1,0,C,C,Time1
262,UROP_Time1_5.csv,22.40330852,NaN,0.3285862703934436,NA,2,0,Inf,FALSE,1,0,C,C,Time1
263,UROP_Time1_5.csv,24.589359885,NaN,0.32061950335078065,NA,2,0,Inf,FALSE,1,0,C,C,Time1
266,UROP_Time1_5.csv,28.012405995,25.768970484999997,0.7552270169208215,0.4936184948110644,2,2,0.019198439653015546,FALSE,0.01883680243815093,0.9811631975618491,D,DC,Time1
267,UROP_Time1_5.csv,27.218008644999998,25.361013409999998,0.09451008925110023,0.1526053106419458,2,2,0.025095511231095678,FALSE,0.024481144396932383,0.9755188556030676,D,DC,Time1
268,UROP_Time1_5.csv,28.857691414999998,NaN,0.02236548343301443,NA,2,0,Inf,FALSE,1,0,C,C,Time1
270,UROP_Time1_5.csv,23.35390533,NaN,0.0013392602435673652,NA,2,0,Inf,FALSE,1,0,C,C,Time1
272,UROP_Time1_5.csv,28.49364913,NaN,1.509975251840101,NA,2,0,Inf,FALSE,1,0,C,C,Time1
281,UROP_Time1_5.csv,24.742979655,NaN,0.16933052855055603,NA,2,0,Inf,FALSE,1,0,C,C,Time1
283,UROP_Time1_5.csv,31.524667389999998,NaN,0.06987879527485856,NA,2,0,Inf,FALSE,1,0,C,C,Time1
288,UROP_Time1_5.csv,23.53388084,36.70094681,0.24321496353268401,NA,2,1,Inf,FALSE,1,0,C,C,Time1
51,UROP_Time1_5.csv,NaN,37.57428169,NA,0.8192619069893642,0,2,-Inf,FALSE,0,1,D,D,Time1
67 A,UROP_Time1_5.csv,26.551793699999998,NaN,0.14261144523431946,NA,2,0,Inf,FALSE,1,0,C,C,Time1
67 B,UROP_Time1_5.csv,37.15433658,36.765562055000004,NA,2.241761876954484,1,2,-Inf,FALSE,0,1,D,D,Time1
68,UROP_Time1_5.csv,29.08885444,27.419380185,0.08373668811469073,0.008235156492529424,2,2,0.028578898571213516,FALSE,0.02778483849018497,0.972215161509815,D,DC,Time1
69,UROP_Time1_5.csv,NaN,37.99513626,NA,0.7646584708078988,0,2,-Inf,FALSE,0,1,D,D,Time1
71,UROP_Time1_5.csv,34.647563585,NaN,2.7102837732430167,NA,2,0,Inf,FALSE,1,0,C,C,Time1
73,UROP_Time1_5.csv,37.28122485,NaN,0.5739146488158727,NA,2,0,Inf,FALSE,1,0,C,C,Time1
74,UROP_Time1_5.csv,24.235543855,33.023878095,0.4352117292434957,0.6210516808551784,2,2,40.19384311194521,FALSE,0.975724527636752,0.024275472363248007,C,CD,Time1
102f,UROP_Time2_1.csv,27.959111815,NaN,0.2778590026676118,NA,2,0,Inf,FALSE,1,0,C,C,Time2
105f,UROP_Time2_1.csv,25.746948845,NaN,0.5388956733812889,NA,2,0,Inf,FALSE,1,0,C,C,Time2
110f,UROP_Time2_1.csv,30.545367845,35.99039841,1.2192914676242435,NA,2,1,Inf,FALSE,1,0,C,C,Time2
114f,UROP_Time2_1.csv,29.429413445,NaN,0.3924754964650579,NA,2,0,Inf,FALSE,1,0,C,C,Time2
120f,UROP_Time2_1.csv,28.642395620000002,NaN,0.49094402604578447,NA,2,0,Inf,FALSE,1,0,C,C,Time2
126f,UROP_Time2_1.csv,30.963161115,NaN,0.8401937172813833,NA,2,0,Inf,FALSE,1,0,C,C,Time2
127f,UROP_Time2_1.csv,25.037835725,NaN,0.13162224925042132,NA,2,0,Inf,FALSE,1,0,C,C,Time2
128f,UROP_Time2_1.csv,22.259482984999998,NaN,0.722627612399032,NA,2,0,Inf,FALSE,1,0,C,C,Time2
129f,UROP_Time2_1.csv,30.05439914,NaN,0.2928349515366487,NA,2,0,Inf,FALSE,1,0,C,C,Time2
131f,UROP_Time2_1.csv,24.725944169999998,NaN,0.10761810242055159,NA,2,0,Inf,FALSE,1,0,C,C,Time2
133f,UROP_Time2_1.csv,21.394055015,36.34759521,0.727867301931898,NA,2,1,Inf,FALSE,1,0,C,C,Time2
138f,UROP_Time2_1.csv,26.108290320000002,NaN,0.12518221060115503,NA,2,0,Inf,FALSE,1,0,C,C,Time2
13f,UROP_Time2_1.csv,34.61972583,32.68127346,1.2068160038969722,1.0051436627539452,2,2,0.023717832971931474,FALSE,0.023168330381699794,0.9768316696183003,D,DC,Time2
141f,UROP_Time2_1.csv,29.043373709999997,NaN,0.24207396188842792,NA,2,0,Inf,FALSE,1,0,C,C,Time2
146f,UROP_Time2_1.csv,23.934363015000002,NaN,0.07985513150538345,NA,2,0,Inf,FALSE,1,0,C,C,Time2
158f,UROP_Time2_1.csv,24.9005667,NaN,0.6466405529766382,NA,2,0,Inf,FALSE,1,0,C,C,Time2
160f,UROP_Time2_1.csv,26.648461945,NaN,0.32518215228279596,NA,2,0,Inf,FALSE,1,0,C,C,Time2
187f,UROP_Time2_1.csv,23.650489455,33.511772155,1.2010165898493246,1.2918326047830835,2,2,84.55692933116433,FALSE,0.988311875989269,0.011688124010731049,C,CD,Time2
191f,UROP_Time2_1.csv,22.28449405,35.622478485,0.14574043516747617,1.1596493016571299,2,2,941.3274243477211,FALSE,0.9989387977319113,0.0010612022680887012,C,CD,Time2
195f,UROP_Time2_1.csv,25.943317065,NaN,0.13929094957161037,NA,2,0,Inf,FALSE,1,0,C,C,Time2
198f,UROP_Time2_1.csv,26.772205954999997,NaN,0.43788350393194,NA,2,0,Inf,FALSE,1,0,C,C,Time2
203f,UROP_Time2_1.csv,29.531632074999997,NaN,0.681763374113108,NA,2,0,Inf,FALSE,1,0,C,C,Time2
20f,UROP_Time2_1.csv,32.200738555,32.42073059,0.8794543505246624,NA,2,1,Inf,FALSE,1,0,C,C,Time2
222f,UROP_Time2_1.csv,24.139873155,NaN,0.0354411181829542,NA,2,0,Inf,FALSE,1,0,C,C,Time2
229f,UROP_Time2_1.csv,26.6697923025,NaN,1.6641178924851079,NA,4,0,Inf,FALSE,1,0,C,C,Time2
235f,UROP_Time2_1.csv,28.146800645,NaN,0.6914726573255804,NA,2,0,Inf,FALSE,1,0,C,C,Time2
238f,UROP_Time2_1.csv,25.673553114999997,NaN,0.04853158803316228,NA,2,0,Inf,FALSE,1,0,C,C,Time2
241f,UROP_Time2_1.csv,29.038415559999997,NaN,0.5631817012584109,NA,2,0,Inf,FALSE,1,0,C,C,Time2
251f,UROP_Time2_1.csv,26.99843276,NaN,0.6631297457127543,NA,2,0,Inf,FALSE,1,0,C,C,Time2
257f,UROP_Time2_1.csv,25.981066355,NaN,0.37232593719186036,NA,2,0,Inf,FALSE,1,0,C,C,Time2
260f,UROP_Time2_1.csv,26.742348319999998,NaN,0.9592690213800248,NA,2,0,Inf,FALSE,1,0,C,C,Time2
261f,UROP_Time2_1.csv,28.91744197,NaN,0.02317334585945185,NA,2,0,Inf,FALSE,1,0,C,C,Time2
272f,UROP_Time2_1.csv,26.96173728,NaN,0.5341482503762848,NA,2,0,Inf,FALSE,1,0,C,C,Time2
274f,UROP_Time2_1.csv,28.095993645,NaN,0.4581598474510062,NA,2,0,Inf,FALSE,1,0,C,C,Time2
277f,UROP_Time2_1.csv,26.076573975000002,NaN,0.27663437857541207,NA,2,0,Inf,FALSE,1,0,C,C,Time2
278f,UROP_Time2_1.csv,28.22497905,NaN,0.21629358403741566,NA,2,0,Inf,FALSE,1,0,C,C,Time2
283f,UROP_Time2_1.csv,21.97053493,NaN,0.07881528148617493,NA,2,0,Inf,FALSE,1,0,C,C,Time2
288f,UROP_Time2_1.csv,23.836125975,NaN,0.16310897882560652,NA,2,0,Inf,FALSE,1,0,C,C,Time2
47f,UROP_Time2_1.csv,26.756009704999997,NaN,0.6376029151402768,NA,2,0,Inf,FALSE,1,0,C,C,Time2
49f,UROP_Time2_1.csv,24.42966903,32.509059905,0.10495711818159173,1.010607243506941,2,2,24.589308455847718,FALSE,0.9609211791821018,0.03907882081789815,C,CD,Time2
51f,UROP_Time2_1.csv,22.292800555,34.91209412,0.38932898442586567,NA,2,1,Inf,FALSE,1,0,C,C,Time2
69f,UROP_Time2_1.csv,33.626357685,31.69128418,0.4078547154024762,0.01877658417830462,2,2,0.023773446439751097,FALSE,0.023221393876179386,0.9767786061238206,D,DC,Time2
78f,UROP_Time2_1.csv,32.514369615,30.97782612,0.26149387888732356,0.6267283553077463,2,2,0.031337304182990265,FALSE,0.03038511654323917,0.9696148834567608,D,DC,Time2
79f,UROP_Time2_1.csv,31.036502485,30.00798893,0.31897004950444596,0.18631874775535887,2,2,0.04456499722739528,FALSE,0.042663690000799205,0.9573363099992008,D,DC,Time2
104f,UROP_Time2_2.csv,23.60776103,NaN,0.16234830870574632,NA,2,0,Inf,FALSE,1,0,C,C,Time2
107f,UROP_Time2_2.csv,30.340877179999993,NaN,0.15851801026700785,NA,2,0,Inf,FALSE,1,0,C,C,Time2
109f,UROP_Time2_2.csv,32.667512545,36.995225905,0.30387809976794883,1.7200256981825424,2,2,1.8254874384923576,FALSE,0.6460787663124112,0.35392123368758877,C,CD,Time2
111f,UROP_Time2_2.csv,24.748547199999997,34.0526619,0.19843005856138748,NA,2,1,Inf,FALSE,1,0,C,C,Time2
113f,UROP_Time2_2.csv,28.35528911,NaN,0.01682907068155935,NA,2,0,Inf,FALSE,1,0,C,C,Time2
115f,UROP_Time2_2.csv,27.62279857,NaN,0.11258401434987485,NA,2,0,Inf,FALSE,1,0,C,C,Time2
116f,UROP_Time2_2.csv,27.601262695,NaN,1.508274539823195,NA,2,0,Inf,FALSE,1,0,C,C,Time2
118f,UROP_Time2_2.csv,30.373466139999998,38.3742981,4.844492290473835,NA,2,1,Inf,FALSE,1,0,C,C,Time2
130f,UROP_Time2_2.csv,29.638546594999998,NaN,3.6837141352669502,NA,2,0,Inf,FALSE,1,0,C,C,Time2
132f,UROP_Time2_2.csv,29.46105159,NaN,0.7884684107603197,NA,2,0,Inf,FALSE,1,0,C,C,Time2
139f,UROP_Time2_2.csv,25.015070565000002,NaN,0.15106914237302296,NA,2,0,Inf,FALSE,1,0,C,C,Time2
147f,UROP_Time2_2.csv,25.720194465,34.79696846,0.1500198524782833,0.023669664109168674,2,2,49.089493508965866,FALSE,0.9800357334453581,0.019964266554641896,C,CD,Time2
14f,UROP_Time2_2.csv,28.37637294,NaN,0.4886094281548844,NA,2,0,Inf,FALSE,1,0,C,C,Time2
153f,UROP_Time2_2.csv,29.828803664999995,NaN,1.0471327170099063,NA,2,0,Inf,FALSE,1,0,C,C,Time2
196f,UROP_Time2_2.csv,20.82492221,NaN,0.1874017525014241,NA,2,0,Inf,FALSE,1,0,C,C,Time2
199f,UROP_Time2_2.csv,27.377522120000002,NaN,0.0953004295715021,NA,2,0,Inf,FALSE,1,0,C,C,Time2
202f,UROP_Time2_2.csv,28.618014940000002,NaN,0.2834641886246029,NA,2,0,Inf,FALSE,1,0,C,C,Time2
204f,UROP_Time2_2.csv,29.555028565,NaN,3.3910720400337997,NA,2,0,Inf,FALSE,1,0,C,C,Time2
210f,UROP_Time2_2.csv,28.773853905000003,NaN,2.7211367592476514,NA,2,0,Inf,FALSE,1,0,C,C,Time2
232f,UROP_Time2_2.csv,25.96880687,NaN,0.5884778948120706,NA,2,0,Inf,FALSE,1,0,C,C,Time2
237f,UROP_Time2_2.csv,28.931343679999998,NaN,1.0314190294939212,NA,2,0,Inf,FALSE,1,0,C,C,Time2
240f,UROP_Time2_2.csv,24.09061969,NaN,2.563186548654869,NA,2,0,Inf,FALSE,1,0,C,C,Time2
247f,UROP_Time2_2.csv,30.967590934999997,NaN,6.134548657164713,NA,2,0,Inf,FALSE,1,0,C,C,Time2
256f,UROP_Time2_2.csv,29.283622389999998,NaN,1.0409988414547577,NA,2,0,Inf,FALSE,1,0,C,C,Time2
269f,UROP_Time2_2.csv,30.666703825,NaN,0.032212327198695656,NA,2,0,Inf,FALSE,1,0,C,C,Time2
270f,UROP_Time2_2.csv,23.642832405,NaN,3.0548426948689196,NA,2,0,Inf,FALSE,1,0,C,C,Time2
275f,UROP_Time2_2.csv,28.928478845,NaN,1.2366505714068476,NA,2,0,Inf,FALSE,1,0,C,C,Time2
27f,UROP_Time2_2.csv,35.871022825,34.050479885,2.459201850789837,2.5695146523006716,2,2,0.0257376731594081,FALSE,0.025091866890423017,0.974908133109577,D,DC,Time2
28f,UROP_Time2_2.csv,31.229196195,29.092861175,1.2585413104180407,1.1695028912215042,2,2,0.020677898206070872,FALSE,0.020258984976958994,0.979741015023041,D,DC,Time2
31f,UROP_Time2_2.csv,36.922940855,33.260889055,0.7004765732395504,0.09952590877704659,2,2,0.007181577927306977,FALSE,0.00713037061508417,0.9928696293849159,D,DC,Time2
33f,UROP_Time2_2.csv,36.764306669999996,34.748477935,0.4092546666210751,0.7090650922038381,2,2,0.02247928013451553,FALSE,0.021985071552313704,0.9780149284476863,D,DC,Time2
37f,UROP_Time2_2.csv,32.520295745,29.798749925000003,2.6556857393573643,2.71234998168405,2,2,0.013782893121157573,FALSE,0.013595507691714791,0.9864044923082852,D,DC,Time2
44f,UROP_Time2_2.csv,29.173947939999998,33.344716075,0.9318809796934445,2.0285177050530727,2,2,1.6373202323767293,FALSE,0.6208272367823876,0.3791727632176124,C,CD,Time2
55f,UROP_Time2_2.csv,34.252942684999994,32.26748753,2.6373596104829424,2.2692605030705746,2,2,0.02295756159188169,FALSE,0.022442340184822662,0.9775576598151774,D,DC,Time2
68f,UROP_Time2_2.csv,29.828791265,28.655940055000002,1.2906336062406316,1.4059419898813335,2,2,0.040322172217582504,FALSE,0.03875931254222,0.96124068745778,D,DC,Time2
70f,UROP_Time2_2.csv,24.075408584999998,NaN,0.14847558783671422,NA,2,0,Inf,FALSE,1,0,C,C,Time2
73f,UROP_Time2_2.csv,32.603673584999996,NaN,0.355846177260202,NA,2,0,Inf,FALSE,1,0,C,C,Time2
82f,UROP_Time2_2.csv,33.18739284,31.11493206,1.0465824535838584,5.2594602385312094e-5,2,2,0.02161396556513709,FALSE,0.02115668568917875,0.9788433143108213,D,DC,Time2
85f,UROP_Time2_2.csv,35.78745616,34.399539945,1.694902130607373,1.8217958436749135,2,2,0.03473784737098657,FALSE,0.03357164083564438,0.9664283591643557,D,DC,Time2
89f,UROP_Time2_2.csv,25.275195725,NaN,0.03542223843189696,NA,2,0,Inf,FALSE,1,0,C,C,Time2
9f,UROP_Time2_2.csv,31.17586482,30.334138869999997,0.09699574636366842,0.2612268400114079,2,2,0.050725058406079104,FALSE,0.04827624315254042,0.9517237568474596,D,DC,Time2
11,UROP_Time2_3.csv,30.883785850000002,28.945032115,1.793334237117799,1.027692569686,2,2,0.023712879064114598,FALSE,0.0231636033394374,0.9768363966605627,D,DC,Time2
117,UROP_Time2_3.csv,23.376099234999998,NaN,1.5837194251211137,NA,2,0,Inf,FALSE,1,0,C,C,Time2
124,UROP_Time2_3.csv,24.539540895,NaN,0.18596672878648043,NA,2,0,Inf,FALSE,1,0,C,C,Time2
134,UROP_Time2_3.csv,29.060360555,29.949279785,0.7349803436022944,0.3760308090297493,2,2,0.1683443971689904,FALSE,0.1440879911581764,0.8559120088418236,D,DC,Time2
142,UROP_Time2_3.csv,25.139891275,NaN,0.5474086591992133,NA,2,0,Inf,FALSE,1,0,C,C,Time2
150,UROP_Time2_3.csv,25.351356154999998,NaN,0.17973843326283795,NA,2,0,Inf,FALSE,1,0,C,C,Time2
155,UROP_Time2_3.csv,25.44877589,NaN,0.31476210654707637,NA,2,0,Inf,FALSE,1,0,C,C,Time2
157,UROP_Time2_3.csv,27.872109064999997,NaN,1.0372319209968182,NA,2,0,Inf,FALSE,1,0,C,C,Time2
159,UROP_Time2_3.csv,27.024766569999997,34.13153458,0.02772924899277418,NA,2,1,Inf,FALSE,1,0,C,C,Time2
16,UROP_Time2_3.csv,27.78870929,NaN,2.0084665962570165,NA,2,0,Inf,FALSE,1,0,C,C,Time2
17,UROP_Time2_3.csv,29.714136725000003,NaN,0.2905084500183949,NA,2,0,Inf,FALSE,1,0,C,C,Time2
186,UROP_Time2_3.csv,28.806759485,NaN,1.1073642706212772,NA,2,0,Inf,FALSE,1,0,C,C,Time2
191,UROP_Time2_3.csv,22.785442955,35.57144165,0.1227572515346868,NA,2,1,Inf,FALSE,1,0,C,C,Time2
200,UROP_Time2_3.csv,23.054664260000003,NaN,1.4726068363432776,NA,2,0,Inf,FALSE,1,0,C,C,Time2
212,UROP_Time2_3.csv,28.811010959999997,NaN,0.07215675391258687,NA,2,0,Inf,FALSE,1,0,C,C,Time2
218,UROP_Time2_3.csv,24.280343655,NaN,0.2856787551393981,NA,2,0,Inf,FALSE,1,0,C,C,Time2
223,UROP_Time2_3.csv,27.68281043,NaN,0.6325304634322322,NA,2,0,Inf,FALSE,1,0,C,C,Time2
230,UROP_Time2_3.csv,26.703013065,NaN,0.02264600683524763,NA,2,0,Inf,FALSE,1,0,C,C,Time2
233,UROP_Time2_3.csv,23.41126979,NaN,0.31293596085825487,NA,2,0,Inf,FALSE,1,0,C,C,Time2
234,UROP_Time2_3.csv,27.599663385,NaN,0.44571944914901374,NA,2,0,Inf,FALSE,1,0,C,C,Time2
236,UROP_Time2_3.csv,29.1212231,NaN,1.846949081450622,NA,2,0,Inf,FALSE,1,0,C,C,Time2
24,UROP_Time2_3.csv,26.465648299999998,30.112840655,0.16211903640301353,0.19730389908846557,2,2,1.1389944651165533,FALSE,0.5324906088779849,0.46750939112201506,C,CD,Time2
242,UROP_Time2_3.csv,27.964197765,NaN,0.10375138091151262,NA,2,0,Inf,FALSE,1,0,C,C,Time2
243,UROP_Time2_3.csv,23.510217315,NaN,0.2694296251554941,NA,2,0,Inf,FALSE,1,0,C,C,Time2
244,UROP_Time2_3.csv,25.227681765,NaN,1.0037720382330055,NA,2,0,Inf,FALSE,1,0,C,C,Time2
245,UROP_Time2_3.csv,24.232115395,37.36819077,1.4434897700842715,NA,2,1,Inf,FALSE,1,0,C,C,Time2
249,UROP_Time2_3.csv,28.368197090000002,NaN,1.9551538703675246,NA,2,0,Inf,FALSE,1,0,C,C,Time2
258,UROP_Time2_3.csv,27.39456142,NaN,0.23815329520305287,NA,2,0,Inf,FALSE,1,0,C,C,Time2
259,UROP_Time2_3.csv,22.47919715,NaN,0.10624917197644508,NA,2,0,Inf,FALSE,1,0,C,C,Time2
263,UROP_Time2_3.csv,24.758629444999997,NaN,0.6985304032456899,NA,2,0,Inf,FALSE,1,0,C,C,Time2
271,UROP_Time2_3.csv,29.143568645,NaN,0.912938501193206,NA,2,0,Inf,FALSE,1,0,C,C,Time2
280,UROP_Time2_3.csv,25.958997375,NaN,0.056348653499176296,NA,2,0,Inf,FALSE,1,0,C,C,Time2
35,UROP_Time2_3.csv,31.790645244999993,30.207484245,1.6115363412126178,1.9931089511474935,2,2,0.030340893487955534,FALSE,0.029447432087495045,0.970552567912505,D,DC,Time2
36,UROP_Time2_3.csv,30.544204359999995,28.620139119999997,0.19254838678188374,0.036769580905971266,2,2,0.023955539940509085,FALSE,0.02339509774213525,0.9766049022578648,D,DC,Time2
41,UROP_Time2_3.csv,24.399892459999997,29.211506845000002,0.1630523325013664,0.4988096343923315,2,2,2.5529809389818117,FALSE,0.7185461962296446,0.28145380377035545,C,CD,Time2
43,UROP_Time2_3.csv,22.05846847,27.6947155,0.0974151879641321,0.2633227186529807,2,2,4.521543713110663,FALSE,0.8188912282582236,0.18110877174177642,C,CD,Time2
46,UROP_Time2_3.csv,21.218291885,30.330501554999998,0.37798642597020415,0.3542493180162501,2,2,50.310166231053465,FALSE,0.980510684851479,0.019489315148521036,C,CD,Time2
53,UROP_Time2_3.csv,33.317153579999996,31.17300701,0.013797194793732207,0.4364511813649004,2,2,0.020566239177266105,FALSE,0.020151792590989162,0.9798482074090108,D,DC,Time2
54,UROP_Time2_3.csv,28.08225978,25.89255333,0.35187290890137823,0.6927539277420227,2,2,0.01992691148569588,FALSE,0.01953758770485717,0.9804624122951429,D,DC,Time2
6,UROP_Time2_3.csv,33.079169879999995,31.478316305,1.153383239560302,1.2076157770218319,2,2,0.029971078425555832,FALSE,0.02909895146897766,0.9709010485310223,D,DC,Time2
74,UROP_Time2_3.csv,26.148187285,34.13823128,0.005837173549762178,1.1285186215594778,2,2,23.112675613430426,FALSE,0.9585280366214103,0.041471963378589716,C,CD,Time2
75,UROP_Time2_3.csv,33.76061595,31.777250289999998,1.9583624239556967,1.4366478260827165,2,2,0.022990835751354934,FALSE,0.022474136568847055,0.977525863431153,D,DC,Time2
83,UROP_Time2_3.csv,36.90622104,34.81603813,NA,0.06075349741083298,1,2,-Inf,FALSE,0,1,D,D,Time2
